Name,First Name,District,Party,Election,Incumbent,Sex,Age,Marital Status,Number of children,Race,Ethnicity,Profession,Compensation,Education,Religion,Citizen voting- age population (District),Voters' Average Age (District),female voters,male voters,Race Composition,Etnicity Composition,Unemployment rate,Median household income (dollars),Poverty rate,Proper helath insurance rate,Highest education achieved on average
Sullivan,Dan,AK-00,Rep,Senate,yes,Male,56,,,,,Lawyer,,,,,,,,,,,,,,
Master Newman,Adam,AK-00,Rep,Senate,no,Male,,,,,,,,,,,,,,,,,,,,
Open,,AK-00,Dem,Senate,no,,,,,,,,,,,,,,,,,,,,,
Gross,Al,AK-00,Ind,Senate,no,,,,,,,,,,,,,,,,,,,,,
Matheny,David,AK-00,Ind,Senate,no,,,,,,,,,,,,,,,,,,,,,
Young,Don,AK-AL,Rep,House,yes,Male,,,,,,,,,,,,,,,,,,,,
Nelson,John,AK-AL,Rep,House,no,,,,,,,,,,,,,,,,,,,,,
Open,,AK-AL,Dem,House,no,,,,,,,,,,,,,,,,,,,,,
Galvin,Alyse,AK-AL,Ind,House,no,,,,,,,,,,,,,,,,,,,,,
Lamb,Thomas,AK-AL,Ind,House,no,,,,,,,,,,,,,,,,,,,,,
Jones,Doug,AL-00,Dem,Senate,yes,Male,,,,,,,,,,,,,,,,,,,,
Parrish,Michael,AL-00,Unaff.,Senate,no,,,,,,,,,,,,,,,,,,,,,
Sessions,Jeff,AL-00,Rep,Senate,no,,,,,,,,,,,,,,,,,,,,,
Tuberville,Tommy,AL-00,Rep,Senate,no,,,,,,,,,,,,,,,,,,,,,
Averhart,James,AL-01,Dem,House,no,,,,,,,,,,,,,,,,,,,,,
Gardner,Kiani,AL-01,Dem,House,no,,,,,,,,,,,,,,,,,,,,,
Carl,Jerry,AL-01,Rep,House,no,,,,,,,,,,,,,,,,,,,,,
Hightower,Bill,AL-01,Rep,House,no,,,,,,,,,,,,,,,,,,,,,
Harvey-Hall,Phyllis,AL-02,Dem,House,no,,,,,,,,,,,,,,,,,,,,,
Page,John,AL-02,Lib,House,no,,,,,,,,,,,,,,,,,,,,,
Coleman,Jeff,AL-02,Rep,House,no,,,,,,,,,,,,,,,,,,,,,
Moore,Barry,AL-02,Rep,House,no,,,,,,,,,,,,,,,,,,,,,
Rogers,Mike,AL-03,Rep,House,yes,,,,,,,,,,,,,,,,,,,,,
Winfrey,Adia,AL-03,Dem,House,no,,,,,,,,,,,,,,,,,,,,,
Aderholt,Robert,AL-04,Rep,House,yes,,,,,,,,,,,,,,,,,,,,,
Neighbors,Rick,AL-04,Dem,House,no,,,,,,,,,,,,,,,,,,,,,
Brooks,Mo,AL-05,Rep,House,yes,,,,,,,,,,,,,,,,,,,,,
Palmer,Gary,AL-06,Rep,House,yes,,,,,,,,,,,,,,,,,,,,,
Pellegrino,Kaynen,AL-06,Ind,House,no,,,,,,,,,,,,,,,,,,,,,
Sewell,Terri,AL-07,Dem,House,yes,,,,,,,,,,,,,,,,,,,,,
Rep. Primary canceled,,AL-07,Rep,House,no,,,,,,,,,,,,,,,,,,,,,
Cotton,Tom,AR-00,Rep,Senate,yes,Male,,,,,,,,,,,,,,,,,,,,
Harrington,Ricky,AR-00,Lib,Senate,no,,,,,,,,,,,,,,,,,,,,,
Whitfield,Dan,AR-00,Ind,Senate,no,,,,,,,,,,,,,,,,,,,,,
Crawford,Rick,AR-01,Rep,House,yes,,,,,,,,,,,,,,,,,,,,,
Dem. Primary canceled,,AR-01,Dem,House,no,,,,,,,,,,,,,,,,,,,,,
Hill,French,AR-02,Rep,House,yes,,,,,,,,,,,,,,,,,,,,,
Elliott,Joyce,AR-02,Dem,House,no,,,,,,,,,,,,,,,,,,,,,
Smith,J. Glenn,AR-02,Ind,House,no,,,,,,,,,,,,,,,,,,,,,
Womack,Steve,AR-03,Rep,House,yes,,,,,,,,,,,,,,,,,,,,,
Williams,Celeste,AR-03,Dem,House,no,,,,,,,,,,,,,,,,,,,,,
Kalagias,Michael,AR-03,Lib,House,no,,,,,,,,,,,,,,,,,,,,,
Westerman,Bruce,AR-04,Rep,House,yes,,,,,,,,,,,,,,,,,,,,,
Hanson,William,AR-04,Dem,House,no,,,,,,,,,,,,,,,,,,,,,
Gilbert,Frank,AR-04,Lib,House,no,,,,,,,,,,,,,,,,,,,,,
McSally,Martha,AZ-00,Rep,Senate,yes,Female,,,,,,,,,,,,,,,,,,,,
Brittain,Craig,AZ-00,Rep,Senate,no,,,,,,,,,,,,,,,,,,,,,
Burton,P.T,AZ-00,Rep,Senate,no,,,,,,,,,,,,,,,,,,,,,
Getchell,Floyd,AZ-00,Rep,Senate,no,,,,,,,,,,,,,,,,,,,,,
Larose,Josue,AZ-00,Rep,Senate,no,,,,,,,,,,,,,,,,,,,,,
McCarthy,Daniel,AZ-00,Rep,Senate,no,,,,,,,,,,,,,,,,,,,,,
Arif,Mohammad,AZ-00,Dem,Senate,no,,,,,,,,,,,,,,,,,,,,,
Bilyeu,Sheila,AZ-00,Dem,Senate,no,,,,,,,,,,,,,,,,,,,,,
Kelly,Mark,AZ-00,Dem,Senate,no,,,,,,,,,,,,,,,,,,,,,
Vasquez,Juan Angel,AZ-00,Dem,Senate,no,,,,,,,,,,,,,,,,,,,,,
O'Halleran,Tom,AZ-01,Dem,House,yes,Male,,,,,,,,,,,,,,,,,,,,
McGuire,Barbara,AZ-01,Dem,House,no,,,,,,,,,,,,,,,,,,,,,
Putzova,Eva,AZ-01,Dem,House,no,,,,,,,,,,,,,,,,,,,,,
Williams,Larry,AZ-01,Dem,House,no,,,,,,,,,,,,,,,,,,,,,
Moore,John,AZ-01,Rep,House,no,,,,,,,,,,,,,,,,,,,,,
Reidhead,Nolan,AZ-01,Rep,House,no,,,,,,,,,,,,,,,,,,,,,
Shamley,Doyel,AZ-01,Rep,House,no,,,,,,,,,,,,,,,,,,,,,
Shedd,Tiffany,AZ-01,Rep,House,no,,,,,,,,,,,,,,,,,,,,,
Smith,Juan,AZ-01,Rep,House,no,,,,,,,,,,,,,,,,,,,,,
Kirkpatrick,Ann,AZ-02,Dem,House,yes,Female,,,,,,,,,,,,,,,,,,,,
Kohler,Nevin,AZ-02,Dem,House,no,,,,,,,,,,,,,,,,,,,,,
Portela,Andres,AZ-02,Dem,House,no,,,,,,,,,,,,,,,,,,,,,
Quilter,Peter,AZ-02,Dem,House,no,,,,,,,,,,,,,,,,,,,,,
Bacon,Jason,AZ-02,Rep,House,no,,,,,,,,,,,,,,,,,,,,,
Boyd,Mike,AZ-02,Rep,House,no,,,,,,,,,,,,,,,,,,,,,
Martin,Brandon,AZ-02,Rep,House,no,,,,,,,,,,,,,,,,,,,,,
Morgan,Joseph,AZ-02,Rep,House,no,,,,,,,,,,,,,,,,,,,,,
Schmidt,James,AZ-02,Rep,House,no,,,,,,,,,,,,,,,,,,,,,
Stautz,Shay,AZ-02,Rep,House,no,,,,,,,,,,,,,,,,,,,,,
Bah,Iman-Utopia Layjou,AZ-02,Ind,House,no,,,,,,,,,,,,,,,,,,,,,
Grijalva,Raul,AZ-03,Dem,House,yes,,,,,,,,,,,,,,,,,,,,,
Ronnebeck,Steve,AZ-03,Rep,House,no,,,,,,,,,,,,,,,,,,,,,
Wood,Daniel,AZ-03,Rep,House,no,,,,,,,,,,,,,,,,,,,,,
Gosar,Paul,AZ-04,Rep,House,yes,,,,,,,,,,,,,,,,,,,,,
Ward,Anne Marie,AZ-04,Rep,House,no,,,,,,,,,,,,,,,,,,,,,
DiSanto,Delina,AZ-04,Dem,House,no,,,,,,,,,,,,,,,,,,,,,
Starky,Stuart,AZ-04,Dem,House,no,,,,,,,,,,,,,,,,,,,,,
Robinson,Emily,AZ-04,Ind,House,no,,,,,,,,,,,,,,,,,,,,,
Biggs,Andy,AZ-05,Rep,House,yes,,,,,,,,,,,,,,,,,,,,,
Pace,Tyler,AZ-05,Rep,House,no,,,,,,,,,,,,,,,,,,,,,
Greene,Joan,AZ-05,Dem,House,no,,,,,,,,,,,,,,,,,,,,,
Ireland,Jonathan,AZ-05,Dem,House,no,,,,,,,,,,,,,,,,,,,,,
Murray,Nicholas,AZ-05,Dem,House,no,,,,,,,,,,,,,,,,,,,,,
Ramos,Javier,AZ-05,Dem,House,no,,,,,,,,,,,,,,,,,,,,,
Menor,Scott,AZ-05,None,House,no,,,,,,,,,,,,,,,,,,,,,
Schweikert,David,AZ-06,Rep,House,yes,Male,,,,,,,,,,,,,,,,,,,,
Gentles,Karl,AZ-06,Dem,House,no,,,,,,,,,,,,,,,,,,,,,
Malik,Anita,AZ-06,Dem,House,no,,,,,,,,,,,,,,,,,,,,,
Rimmer,Stephanie,AZ-06,Dem,House,no,,,,,,,,,,,,,,,,,,,,,
Tipirneni,Hiral,AZ-06,Dem,House,no,,,,,,,,,,,,,,,,,,,,,
Lewellen,Tom,AZ-06,Ind,House,no,,,,,,,,,,,,,,,,,,,,,
Napolitano,Gennaro,AZ-06,Ind,House,no,,,,,,,,,,,,,,,,,,,,,
Gallego,Ruben,AZ-07,Dem,House,yes,,,,,,,,,,,,,,,,,,,,,
Barnett,Josh,AZ-07,Rep,House,no,,,,,,,,,,,,,,,,,,,,,
Hindle,Chris,AZ-07,Rep,House,no,,,,,,,,,,,,,,,,,,,,,
Lesko,Debbie,AZ-08,Rep,House,yes,,,,,,,,,,,,,,,,,,,,,
Rodriguez,Jimmy,AZ-08,Rep,House,no,,,,,,,,,,,,,,,,,,,,,
Muscato,Michael,AZ-08,Dem,House,no,,,,,,,,,,,,,,,,,,,,,
Musselwhite,Bob,AZ-08,Dem,House,no,,,,,,,,,,,,,,,,,,,,,
Olsen,Bob,AZ-08,Dem,House,no,,,,,,,,,,,,,,,,,,,,,
Stanton,Greg,AZ-09,Dem ,House,yes,,,,,,,,,,,,,,,,,,,,,
Fuentes-Wolfe,Talia,AZ-09,Dem,House,no,,,,,,,,,,,,,,,,,,,,,
DePalma,Michelle,AZ-09,Rep,House,no,,,,,,,,,,,,,,,,,,,,,
Giles,Dave,AZ-09,Rep,House,no,,,,,,,,,,,,,,,,,,,,,
Huang,Sam,AZ-09,Rep,House,no,,,,,,,,,,,,,,,,,,,,,
Taylor,Tim,AZ-09,Rep,House,no,,,,,,,,,,,,,,,,,,,,,
Tutora,Nicholas,AZ-09,Rep,House,no,,,,,,,,,,,,,,,,,,,,,
Walker,Jason,AZ-09,Rep,House,no,,,,,,,,,,,,,,,,,,,,,
Baroness Von Behr,Irina,AZ-09,Ind,House,no,,,,,,,,,,,,,,,,,,,,,
LaMalfa,Doug,CA-01,Rep,House,yes,,,,,,,,,,,,,,,,,,,,,
Denney,Audrey,CA-01,Dem,House,no,,,,,,,,,,,,,,,,,,,,,
Huffman,Jared,CA-02,Dem,House,yes,,,,,,,,,,,,,,,,,,,,,
Mensing,Dale,CA-02,Rep,House,no,,,,,,,,,,,,,,,,,,,,,
Garamendi,John,CA-03,Dem,House,yes,,,,,,,,,,,,,,,,,,,,,
Hamilton,Tamika,CA-03,Rep,House,no,,,,,,,,,,,,,,,,,,,,,
McClintock,Tom,CA-04,Rep,House,yes,,,,,,,,,,,,,,,,,,,,,
Kennedy,Brynne,CA-04,Dem,House,no,,,,,,,,,,,,,,,,,,,,,
Thompson,Mike,CA-05,Dem,House,yes,,,,,,,,,,,,,,,,,,,,,
Giblin,Scott,CA-05,Rep,House,no,,,,,,,,,,,,,,,,,,,,,
Matsui,Doris,CA-06,Dem,House,yes,,,,,,,,,,,,,,,,,,,,,
Bish,Chris,CA-06,Rep,House,no,,,,,,,,,,,,,,,,,,,,,
Bera,Ami,CA-07,Dem,House,yes,Male,,,,,,,,,,,,,,,,,,,,
Patterson,Buzz,CA-07,Rep,House,no,,,,,,,,,,,,,,,,,,,,,
Bubser,Chris,CA-08,Dem,House,no,,,,,,,,,,,,,,,,,,,,,
Conaway,Bob,CA-08,Dem,House,no,,,,,,,,,,,,,,,,,,,,,
Ellars,James,CA-08,Dem,House,no,,,,,,,,,,,,,,,,,,,,,
Donnelly,Tim,CA-08,Rep,House,no,,,,,,,,,,,,,,,,,,,,,
Laws,Jerry,CA-08,Rep,House,no,,,,,,,,,,,,,,,,,,,,,
Obernolte,Jay,CA-08,Rep,House,no,,,,,,,,,,,,,,,,,,,,,
Staat,Jeremy,CA-08,Rep,House,no,,,,,,,,,,,,,,,,,,,,,
Whitehead,Justin David,CA-08,Rep,House,no,,,,,,,,,,,,,,,,,,,,,
Green,Jacquetta,CA-08,None,House,no,,,,,,,,,,,,,,,,,,,,,
Esmus,Jeff,CA-08,Ind,House,no,,,,,,,,,,,,,,,,,,,,,
McNerney,Jerry,CA-09,Dem,House,yes,,,,,,,,,,,,,,,,,,,,,
Amador,Antonio,CA-09,Rep,House,no,,,,,,,,,,,,,,,,,,,,,
Harder,Josh,CA-10,Dem,House,yes,Male,,,,,,,,,,,,,,,,,,,,
Howze,Ted,CA-10,Rep,House,no,,,,,,,,,,,,,,,,,,,,,
DeSaulnier,Mark,CA-11,Dem,House,yes,,,,,,,,,,,,,,,,,,,,,
Sharma,Nisha,CA-11,Rep,House,no,,,,,,,,,,,,,,,,,,,,,
Pelosi,Nancy,CA-12,Dem,House,yes,,,,,,,,,,,,,,,,,,,,,
Buttar,Shahid,CA-12,Dem,House,no,,,,,,,,,,,,,,,,,,,,,
Lee,Barbara,CA-13,Dem,House,yes,,,,,,,,,,,,,,,,,,,,,
Piterman,Nikka,CA-13,Rep,House,no,,,,,,,,,,,,,,,,,,,,,
Speier,Jackie,CA-14,Dem,House,yes,,,,,,,,,,,,,,,,,,,,,
Petel,Ran,CA-14,Rep,House,no,,,,,,,,,,,,,,,,,,,,,
Swalwell,Eric,CA-15,Dem,House,yes,,,,,,,,,,,,,,,,,,,,,
Hayden,Alison,CA-15,Rep,House,no,,,,,,,,,,,,,,,,,,,,,
Costa,Jim,CA-16,Dem,House,yes,,,,,,,,,,,,,,,,,,,,,
Cookingham,Kevin,CA-16,Rep,House,no,,,,,,,,,,,,,,,,,,,,,
Khanna,Ro,CA-17,Dem,House,yes,,,,,,,,,,,,,,,,,,,,,
Tandon,Ritesh,CA-17,Rep,House,no,,,,,,,,,,,,,,,,,,,,,
Eshoo,Anna,CA-18,Dem,House,yes,,,,,,,,,,,,,,,,,,,,,
Kumar,Rishi,CA-18,Dem,House,no,,,,,,,,,,,,,,,,,,,,,
Fox,Richard,CA-18,Rep,House,no,,,,,,,,,,,,,,,,,,,,,
Reynolds,Phil,CA-18,Rep,House,no,,,,,,,,,,,,,,,,,,,,,
Goodwyn,Bob,CA-18,Lib,House,no,,,,,,,,,,,,,,,,,,,,,
Lofgren,Zoe,CA-19,Dem,House,yes,,,,,,,,,,,,,,,,,,,,,
Torres,Ivan,CA-19,Dem,House,no,,,,,,,,,,,,,,,,,,,,,
Aguilera,Justin,CA-19,Rep,House,no,,,,,,,,,,,,,,,,,,,,,
Cruz,Ignacio,CA-19,Rep,House,no,,,,,,,,,,,,,,,,,,,,,
Mallory,Jason,CA-19,Ind,House,no,,,,,,,,,,,,,,,,,,,,,
Panetta, Jimmy,CA-20,Dem,House,yes,,,,,,,,,,,,,,,,,,,,,
Gorman,Jeff,CA-20,Rep,House,no,,,,,,,,,,,,,,,,,,,,,
Cox,Terrance John,CA-21,Dem,House,yes,Male,,,,,,,,,,,,,,,,,,,,
Valadao,David G.,CA-21,Rep,House,no,,,,,,,,,,,,,,,,,,,,,
Nunes,Devin,CA-22,Rep,House,yes,Male,,,,,,,,,,,,,,,,,,,,
Arballo,Phil,CA-22,Dem,House,no,,,,,,,,,,,,,,,,,,,,,
McCarthy,Kevin,CA-23,Rep,House,yes,,,,,,,,,,,,,,,,,,,,,
Mangone,Kim,CA-23,Dem,House,no,,,,,,,,,,,,,,,,,,,,,
Carbajal,Salud,CA-24,Dem,House,yes,,,,,,,,,,,,,,,,,,,,,
Caldwell,Andy,CA-24,Rep,House,no,,,,,,,,,,,,,,,,,,,,,
Smith,Christy,CA-25,Dem,House,no,,,,,,,,,,,,,,,,,,,,,
Garcia,Mike,CA-25,Rep,House,no,,,,,,,,,,,,,,,,,,,,,
Brownley,Julia,CA-26,Dem,House,yes,,,,,,,,,,,,,,,,,,,,,
Baldwin-Kennedy,Ronda,CA-26,Rep,House,no,,,,,,,,,,,,,,,,,,,,,
Chu,Judy,CA-27,Dem,House,yes,,,,,,,,,,,,,,,,,,,,,
Cardenas,Beatrice,CA-27,Rep,House,no,,,,,,,,,,,,,,,,,,,,,
Nalbandian,Johnny,CA-27,Rep,House,no,,,,,,,,,,,,,,,,,,,,,
Daly,Christian,CA-27,Ind,House,no,,,,,,,,,,,,,,,,,,,,,
Schiff,Adam,CA-28,Dem,House,yes,,,,,,,,,,,,,,,,,,,,,
Anderson,Chad,CA-28,Dem,House,no,,,,,,,,,,,,,,,,,,,,,
Genovese,Sal,CA-28,Dem,House,no,,,,,,,,,,,,,,,,,,,,,
Girl,Maebe A.,CA-28,Dem,House,no,,,,,,,,,,,,,,,,,,,,,
Khachig Manoogian,Ara,CA-28,Dem,House,no,,,,,,,,,,,,,,,,,,,,,
Bodell,William,CA-28,Rep,House,no,,,,,,,,,,,,,,,,,,,,,
Early,Eric,CA-28,Rep,House,no,,,,,,,,,,,,,,,,,,,,,
Barbosa,Jennifer,CA-28,Ind,House,no,,,,,,,,,,,,,,,,,,,,,
Cárdenas,Tony,CA-29,Dem,House,yes,,,,,,,,,,,,,,,,,,,,,
Duenas,Angelica,CA-29,Dem,House,no,,,,,,,,,,,,,,,,,,,,,
Sherman,Brad,CA-30,Dem,House,yes,,,,,,,,,,,,,,,,,,,,,
Reed,Mark,CA-30,Rep,House,no,,,,,,,,,,,,,,,,,,,,,
Aguilar ,Pete,CA-31,Dem,House,yes,,,,,,,,,,,,,,,,,,,,,
Gibboney,Agnes,CA-31,Rep,House,no,,,,,,,,,,,,,,,,,,,,,
Napolitano ,Grace,CA-32,Dem,House,yes,,,,,,,,,,,,,,,,,,,,,
Scott,Joshua,CA-32,Rep,House,not,,,,,,,,,,,,,,,,,,,,,
Lieu,Ted,CA-33,Dem,House,yes,,,,,,,,,,,,,,,,,,,,,
Bradley,James P.,CA-33,Rep,House,no,,,,,,,,,,,,,,,,,,,,,
Gomez,Jimmy,CA-34,Dem,House,yes,,,,,,,,,,,,,,,,,,,,,
Kim ,David,CA-34,Dem,House,no,,,,,,,,,,,,,,,,,,,,,
Torres,Norma,CA-35,Dem,House,yes,,,,,,,,,,,,,,,,,,,,,
Cargile,Mike,CA-35,Rep,House,no,,,,,,,,,,,,,,,,,,,,,
Ruiz ,Raul,CA-36,Dem,House,yes,,,,,,,,,,,,,,,,,,,,,
Cruz,Erin,CA-36,Rep,House,no,,,,,,,,,,,,,,,,,,,,,
Bass,Karen,CA-37,Dem,House,yes,,,,,,,,,,,,,,,,,,,,,
Webber,Errol,CA-37,Rep,House,no,,,,,,,,,,,,,,,,,,,,,
Thompson,Larry,CA-37,Ind,House,no,,,,,,,,,,,,,,,,,,,,,
Sánchez,Linda,CA-38,Dem,House,yes,,,,,,,,,,,,,,,,,,,,,
Tolar,Michael,CA-38,Dem,House,no,,,,,,,,,,,,,,,,,,,,,
Cisneros,Gil,CA-39,Dem,House,yes,Male,,,,,,,,,,,,,,,,,,,,
Kim,Young,CA-39,Rep,House,no,,,,,,,,,,,,,,,,,,,,,
Roybal-Allard,Lucille,CA-40,Dem,House,yes,,,,,,,,,,,,,,,,,,,,,
Felix,Anthony,CA-40,Dem,House,no,,,,,,,,,,,,,,,,,,,,,
Sanchez,David,CA-40,Dem,House,no,,,,,,,,,,,,,,,,,,,,,
Delgado,C. Antonio,CA-40,Rep,House,no,,,,,,,,,,,,,,,,,,,,,
Graham,Michael,CA-40,AIP,House,no,,,,,,,,,,,,,,,,,,,,,
Barragan,Rodolfo,CA-40,Green,House,no,,,,,,,,,,,,,,,,,,,,,
Takano,Mark,CA-41,Dem,House,yes,,,,,,,,,,,,,,,,,,,,,
Smith,Aja,CA-41,Rep,House,no,,,,,,,,,,,,,,,,,,,,,
Calvert,Ken,CA-42,Rep,House,yes,,,,,,,,,,,,,,,,,,,,,
Marston,Regina,CA-42,Dem,House,no,,,,,,,,,,,,,,,,,,,,,
O'Mara,William,CA-42,Dem,House,no,,,,,,,,,,,,,,,,,,,,,
Waters,Maxine,CA-43,Dem,House,yes,,,,,,,,,,,,,,,,,,,,,
Collins,Joe,CA-43,Rep,House,no,,,,,,,,,,,,,,,,,,,,,
Navarro,Omar,CA-43,Rep,House,no,,,,,,,,,,,,,,,,,,,,,
Barragán,Nanette,CA-44,Dem,House,yes,,,,,,,,,,,,,,,,,,,,,
Griffin,Morris,CA-44,Dem,House,no,,,,,,,,,,,,,,,,,,,,,
Joya,Analilia,CA-44,Dem,House,no,,,,,,,,,,,,,,,,,,,,,
Earley,Billy,CA-44,Rep,House,no,,,,,,,,,,,,,,,,,,,,,
Porter,Ketie,CA-45,Dem,House,yes,Female,,,,,,,,,,,,,,,,,,,,
Raths,Greg,CA-45,Rep,House,no,,,,,,,,,,,,,,,,,,,,,
Correa,Lou,CA-46,Dem,House,yes,,,,,,,,,,,,,,,,,,,,,
Waters,James,CA-46,Rep,House,no,,,,,,,,,,,,,,,,,,,,,
Lowenthal,Alan,CA-47,Dem,House,yes,,,,,,,,,,,,,,,,,,,,,
Mathews,Peter,CA-47,Dem,House,no,,,,,,,,,,,,,,,,,,,,,
McLeod,Jalen,CA-47,Dem,House,no,,,,,,,,,,,,,,,,,,,,,
Briscoe,John,CA-47,Rep,House,no,,,,,,,,,,,,,,,,,,,,,
Moua,Sou,CA-47,Rep,House,no,,,,,,,,,,,,,,,,,,,,,
Phan West,Amy ,CA-47,Rep,House,no,,,,,,,,,,,,,,,,,,,,,
Rouda,Harley,CA-48,Dem,House,yes,Male,,,,,,,,,,,,,,,,,,,,
Steel,Michelle,CA-48,Rep,House,no,,,,,,,,,,,,,,,,,,,,,
Levin,Mike,CA-49,Dem,House,yes,Male,,,,,,,,,,,,,,,,,,,,
Maryott,Brian,CA-49,Rep,House,no,,,,,,,,,,,,,,,,,,,,,
Campa-Najjar,Ammar,CA-50,Dem,House,no,,,,,,,,,,,,,,,,,,,,,
Issa,Darrell,CA-50,Rep,House,no,,,,,,,,,,,,,,,,,,,,,
Vargas,Juan,CA-51,Dem,House,yes,,,,,,,,,,,,,,,,,,,,,
Hidalgo,Juan,CA-51,Rep,House,no,,,,,,,,,,,,,,,,,,,,,
Peters,Scott,CA-52,Dem,House,yes,,,,,,,,,,,,,,,,,,,,,
DeBello,Jim,CA-52,Rep,House,no,,,,,,,,,,,,,,,,,,,,,
Gomez,Georgette,CA-53,Dem,House,no,,,,,,,,,,,,,,,,,,,,,
Jacobs,Sara,CA-53,Dem,House,no,,,,,,,,,,,,,,,,,,,,,
Dang,Betty,CN-01,Rep,House,no,,,,,,,,,,,,,,,,,,,,,
Open,,CN-01,Dem,House,no,,,,,,,,,,,,,,,,,,,,,
Courtney,Joe,CN-02,Dem,House,yes,,,,,,,,,,,,,,,,,,,,,
Anderson,Justin,CN-02,Rep ,House,no,,,,,,,,,,,,,,,,,,,,,
Gilmer,Thomas,CN-02,Rep,House,no,,,,,,,,,,,,,,,,,,,,,
Streicker,Margaret,CN-03,Rep,House,no,,,,,,,,,,,,,,,,,,,,,
Open,,CN-03,Dem,House,no,,,,,,,,,,,,,,,,,,,,,
Himes,Jim,CN-04,Dem,House,yes,,,,,,,,,,,,,,,,,,,,,
Merlen,Brian,CN-04,Dem,House,no,,,,,,,,,,,,,,,,,,,,,
Elgin,T.J.,CN-04,Rep,House,no,,,,,,,,,,,,,,,,,,,,,
Goldstein,Michael,CN-04,Rep,House,no,,,,,,,,,,,,,,,,,,,,,
Riddle,Jonathan,CN-04,Rep,House,no,,,,,,,,,,,,,,,,,,,,,
Hayes,Jahana,CN-05,Dem,House,yes,,,,,,,,,,,,,,,,,,,,,
Barresi,Peter Robert,CN-05,Rep,House,no,,,,,,,,,,,,,,,,,,,,,
Hyde,Robert,CN-05,Rep,House,no,,,,,,,,,,,,,,,,,,,,,
Meehan,Ryan,CN-05,Rep,House,no,,,,,,,,,,,,,,,,,,,,,
Rodriguez,Ruben,CN-05,Rep,House,no,,,,,,,,,,,,,,,,,,,,,
Sullivan,David Xavier,CN-05,Rep,House,no,,,,,,,,,,,,,,,,,,,,,
Gardner,Cory,CO-00,Rep,Senate,yes,Male,,,,,,,,,,,,,,,,,,,,
Bray,Diana,CO-00,Dem,Senate,no,,,,,,,,,,,,,,,,,,,,,
Garcia,Lorena,CO-00,Dem,Senate,no,,,,,,,,,,,,,,,,,,,,,
Goldfischer,David,CO-00,Dem,Senate,no,,,,,,,,,,,,,,,,,,,,,
Hickenlooper,John,CO-00,Dem,Senate,no,,,,,,,,,,,,,,,,,,,,,
Critter Milton,Christopher Hawkins,CO-00,Dem,Senate,no,,,,,,,,,,,,,,,,,,,,,
Romanoff,Andrew,CO-00,Dem,Senate,no,,,,,,,,,,,,,,,,,,,,,
Rose Spaulding,Stephany,CO-00,Dem,Senate,no,,,,,,,,,,,,,,,,,,,,,
Underwood ,Erik,CO-00,Dem,Senate,no,,,,,,,,,,,,,,,,,,,,,
Ferrigno Warren,Michelle,CO-00,Dem,Senate,no,,,,,,,,,,,,,,,,,,,,,
Zornio ,Trish,CO-00,Dem,Senate,no,,,,,,,,,,,,,,,,,,,,,
Evans,Stephan,CO-00,Unity-Col,Senate,no,,,,,,,,,,,,,,,,,,,,,
Rodriguez,Joshua,CO-00,Unity-Col,Senate,no,,,,,,,,,,,,,,,,,,,,,
Bellamy,Veronique,CO-00,Socialist,Senate,no,,,,,,,,,,,,,,,,,,,,,
Camp,Joseph,CO-00,Ind,Senate,no,,,,,,,,,,,,,,,,,,,,,
DeGette,Diana,CO-01,Dem,House,yes,,,,,,,,,,,,,,,,,,,,,
Pratschler,Meghan,CO-01,Dem,House,no,,,,,,,,,,,,,,,,,,,,,
Winters,Charlie Madison,CO-01,Dem,House,no,,,,,,,,,,,,,,,,,,,,,
Camp,Joseph,CO-01,Ind,House,no,,,,,,,,,,,,,,,,,,,,,
Neguse,Joe,CO-02,Dem,House,yes,,,,,,,,,,,,,,,,,,,,,
Cutcher ,William,CO-02,Rep,House,no,,,,,,,,,,,,,,,,,,,,,
Winn,Charles,CO-02,Rep,House,no,,,,,,,,,,,,,,,,,,,,,
Matyi,Mark,CO-02,None,House,no,,,,,,,,,,,,,,,,,,,,,
Johnson,Alex,CO-02,Ind,House,no,,,,,,,,,,,,,,,,,,,,,
Tipton,Scott,CO-03,Rep,House,yes,,,,,,,,,,,,,,,,,,,,,
Boebert,Lauren,CO-03,Rep,House,no,,,,,,,,,,,,,,,,,,,,,
Mitsch Bush,Diane,CO-03,Dem,House,no,,,,,,,,,,,,,,,,,,,,,
Iacino,James,CO-03,Dem,House,no,,,,,,,,,,,,,,,,,,,,,
Routledge,Root,CO-03,Dem,House,no,,,,,,,,,,,,,,,,,,,,,
Moser,Robert,CO-03,Ind,House,no,,,,,,,,,,,,,,,,,,,,,
Buck ,Ken,CO-04,Rep,House,yes,,,,,,,,,,,,,,,,,,,,,
McCorkle,Isaac,CO-04,Dem,House,no,,,,,,,,,,,,,,,,,,,,,
McGannon,James,CO-04,Dem,House,no,,,,,,,,,,,,,,,,,,,,,
Tomitsch,Melanie Diane,CO-04,Dem,House,no,,,,,,,,,,,,,,,,,,,,,
Lamborn,Doug,CO-05,Rep,House,yes,,,,,,,,,,,,,,,,,,,,,
English,George,CO-05,Dem,House,no,,,,,,,,,,,,,,,,,,,,,
Freeland,Jillian,CO-05,Dem,House,no,,,,,,,,,,,,,,,,,,,,,
Lucas,Ryan,CO-05,Dem,House,no,,,,,,,,,,,,,,,,,,,,,
Sanchez,Mario,CO-05,Dem,House,no,,,,,,,,,,,,,,,,,,,,,
Crow,Jason,CO-06,Dem,House,yes,Male,,,,,,,,,,,,,,,,,,,,
Kulikowski,Jaimie,CO-06,Dem,House,no,,,,,,,,,,,,,,,,,,,,,
Gonzales,Ryan,CO-06,Rep,House,no,,,,,,,,,,,,,,,,,,,,,
House,Steve,CO-06,Rep,House,no,,,,,,,,,,,,,,,,,,,,,
Stockham,Casper,CO-06,Rep,House,no,,,,,,,,,,,,,,,,,,,,,
Szemler,John,CO-06,Rep,House,no,,,,,,,,,,,,,,,,,,,,,
Perlmutter,Ed,CO-07,Dem,House,yes,,,,,,,,,,,,,,,,,,,,,
Clay,Nathan,CO-07,Dem,House,no,,,,,,,,,,,,,,,,,,,,,
Malgieri,Anthony,CO-07,Ind,House,no,,,,,,,,,,,,,,,,,,,,,
Coons,Chris,DE-00,Dem,Senate,yes,Male,,,,,,,,,,,,,,,,,,,,
Scarane,Jessica,DE-00,Dem,Senate,no,,,,,,,,,,,,,,,,,,,,,
DeMartino,James,DE-00,Rep,Senate,no,,,,,,,,,,,,,,,,,,,,,
Witzke,Lauren,DE-00,Rep,Senate,no,,,,,,,,,,,,,,,,,,,,,
Turley,Mark,DE-00,Ind,Senate,no,,,,,,,,,,,,,,,,,,,,,
Open,,DE-AL,Dem,House,no,,,,,,,,,,,,,,,,,,,,,
Open,,DE-AL,Rep,House,no,,,,,,,,,,,,,,,,,,,,,
Ehr,Phil,FL-01,Dem,House,no,,,,,,,,,,,,,,,,,,,,,
Howard,Cheryl,FL-01,Dem,House,no,,,,,,,,,,,,,,,,,,,,,
Mills,John,FL-01,Rep,House,no,,,,,,,,,,,,,,,,,,,,,
Anderson Romagnano,Chase,FL-01,Rep,House,no,,,,,,,,,,,,,,,,,,,,,
Rosas,Emily,FL-01,Rep,House,no,,,,,,,,,,,,,,,,,,,,,
Jefferson Anderson,Willie,FL-02,Dem,House,no ,,,,,,,,,,,,,,,,,,,,,
Open,,FL-02,Rep,House,no,,,,,,,,,,,,,,,,,,,,,
Christensen,Adam,FL-03,Dem,House,no,,,,,,,,,,,,,,,,,,,,,
Dodds,Philip,FL-03,Dem,House,no,,,,,,,,,,,,,,,,,,,,,
Rowe,Richard Allen,FL-03,Dem,House,no,,,,,,,,,,,,,,,,,,,,,
Wells,Tom,FL-03,Dem,House,no,,,,,,,,,,,,,,,,,,,,,
Cammack,Kat,FL-03,Rep,House,no,,,,,,,,,,,,,,,,,,,,,
Chamberlin,Ryan,FL-03,Rep,House,no,,,,,,,,,,,,,,,,,,,,,
Chase,Todd,FL-03,Rep,House,no,,,,,,,,,,,,,,,,,,,,,
Engelbrecht,Bill,FL-03,Rep,House,no,,,,,,,,,,,,,,,,,,,,,
Guinn,Kent,FL-03,Rep,House,no,,,,,,,,,,,,,,,,,,,,,
Dallas Millado,Joe,FL-03,Rep,House,no,,,,,,,,,,,,,,,,,,,,,
Pope Wells,Amy,FL-03,Rep,House,no,,,,,,,,,,,,,,,,,,,,,
Rollins,Gavin,FL-03,Rep,House,no,,,,,,,,,,,,,,,,,,,,,
Sapp,Judson,FL-03,Rep,House,no,,,,,,,,,,,,,,,,,,,,,
St. George,James,FL-03,Rep,House,no,,,,,,,,,,,,,,,,,,,,,
Rutherford,John,FL-04,Rep,House,yes,,,,,,,,,,,,,,,,,,,,,
Aguilar ,Erick,FL-04,Rep,House,no,,,,,,,,,,,,,,,,,,,,,
Gleichauf,Robbi,FL-04,Rep,House,no,,,,,,,,,,,,,,,,,,,,,
White ,John,FL-04,Rep,House,no,,,,,,,,,,,,,,,,,,,,,
Deegan,Donna,FL-04,Dem,House,no,,,,,,,,,,,,,,,,,,,,,
Eagle,Christopher,FL-04,Ind,House,no,,,,,,,,,,,,,,,,,,,,,
Abenchuchan,Isaiah,FL-05,Dem,House,no,,,,,,,,,,,,,,,,,,,,,
Chester,Albert,FL-05,Dem,House,no,,,,,,,,,,,,,,,,,,,,,
Holloway,LaShonda,FL-05,Dem,House,no,,,,,,,,,,,,,,,,,,,,,
Lusk,Matthew,FL-05,Rep,House,no,,,,,,,,,,,,,,,,,,,,,
Waltz,Michael,FL-06,Rep,House,yes,,,,,,,,,,,,,,,,,,,,,
Curtis,Clinton,FL-06,Dem,House,no,,,,,,,,,,,,,,,,,,,,,
Thripp,Richard,FL-06,Dem,House,no,,,,,,,,,,,,,,,,,,,,,
Murphy,Stephanie,FL-07,Dem,House,yes,,,,,,,,,,,,,,,,,,,,,
Delia,Thomas,FL-07,Rep,House,no,,,,,,,,,,,,,,,,,,,,,
Diangelus,Jean Rochelle,FL-07,Rep,House,no,,,,,,,,,,,,,,,,,,,,,
Goble,Richard,FL-07,Rep,House,no,,,,,,,,,,,,,,,,,,,,,
Jackson,Sean,FL-07,Rep,House,no,,,,,,,,,,,,,,,,,,,,,
Mejias,Eduardo,FL-07,Rep,House,no,,,,,,,,,,,,,,,,,,,,,
Thibodeau,Mike,FL-07,Rep,House,no,,,,,,,,,,,,,,,,,,,,,
Valentin,Leo,FL-07,Rep,House,no,,,,,,,,,,,,,,,,,,,,,
Zhao,Yukong,FL-07,Rep,House,no,,,,,,,,,,,,,,,,,,,,,
Ammi,Hicham,FL-08,Dem,House,no,,,,,,,,,,,,,,,,,,,,,
Fox,Robert,FL-08,Dem,House,no,,,,,,,,,,,,,,,,,,,,,
Grayson,Dena,FL-08,Dem,House,no,,,,,,,,,,,,,,,,,,,,,
Kennedy,Jim,FL-08,Dem,House,no,,,,,,,,,,,,,,,,,,,,,
Patti,Tiffany Jean,FL-08,Dem,House,no,,,,,,,,,,,,,,,,,,,,,
Open,,FL-08,Rep,House,no,,,,,,,,,,,,,,,,,,,,,
Soto,Darren,FL-09,Dem,House,yes,,,,,,,,,,,,,,,,,,,,,
Grayson,Alan,FL-09,Dem,House,no,,,,,,,,,,,,,,,,,,,,,
Castillo,Jose,FL-09,Rep,House,no,,,,,,,,,,,,,,,,,,,,,
Olson,Bill,FL-09,Rep,House,no,,,,,,,,,,,,,,,,,,,,,
Ortiz,Sergio,FL-09,Rep,House,no,,,,,,,,,,,,,,,,,,,,,
Hernandez Reyez,Edgar,FL-09,Unaff,House,no,,,,,,,,,,,,,,,,,,,,,
Open,,FL-10,Dem,House,no,,,,,,,,,,,,,,,,,,,,,
Francois,Vennia,FL-10,Rep,House,no,,,,,,,,,,,,,,,,,,,,,
Montague,Willie,FL-10,Rep,House,no,,,,,,,,,,,,,,,,,,,,,
Walls-Windhauser,Angela Marie,FL-10,Rep,House,no,,,,,,,,,,,,,,,,,,,,,
Lawson,Kristofer,FL-10,Ind,House,no,,,,,,,,,,,,,,,,,,,,,
Cottrell,Dana,FL-11,Dem,House,no,,,,,,,,,,,,,,,,,,,,,
Rabinowitz,Jeffrey,FL-11,Dem,House,no,,,,,,,,,,,,,,,,,,,,,
Licciardello,Aaron Joseph,FL-11,Rep,House,no,,,,,,,,,,,,,,,,,,,,,
Thompson,Steven,FL-11,Rep,House,no,,,,,,,,,,,,,,,,,,,,,
Bilirakis,Gus M.,FL-12,Rep,House,yes,,,,,,,,,,,,,,,,,,,,,
Smith,Zachary,FL-12,Rep,House,no,,,,,,,,,,,,,,,,,,,,,
Walker,Kimberly,FL-12,Dem,House,no,,,,,,,,,,,,,,,,,,,,,
Knezevich,Michael Steven,FL-12,None,House,no,,,,,,,,,,,,,,,,,,,,,
Crist,Charlie,FL-13,Dem,House,yes,,,,,,,,,,,,,,,,,,,,,
Becker,Matt,FL-13,Rep,House,no,,,,,,,,,,,,,,,,,,,,,
Buck ,George,FL-13,Rep,House,no,,,,,,,,,,,,,,,,,,,,,
Griffin,Sheila,FL-13,Rep,House,no,,,,,,,,,,,,,,,,,,,,,
Luna,Anna Paulina,FL-13,Rep,House,no,,,,,,,,,,,,,,,,,,,,,
Makki,Amanda,FL-13,Rep,House,no,,,,,,,,,,,,,,,,,,,,,
Barry Newby,Sharon,FL-13,Rep,House,no,,,,,,,,,,,,,,,,,,,,,
Frontela,Carlos,FL-14,Dem,House,no,,,,,,,,,,,,,,,,,,,,,
Brown,Jeremy,FL-14,Rep,House,no,,,,,,,,,,,,,,,,,,,,,
Cahse,Edgar,FL-14,Rep,House,no,,,,,,,,,,,,,,,,,,,,,
Toulme,Alix Christopher,FL-14,Rep,House,no,,,,,,,,,,,,,,,,,,,,,
Wiggins,Lloyd,FL-14,Rep,House,no,,,,,,,,,,,,,,,,,,,,,
Wunderlich,Robert,FL-14,Ind,House,no,,,,,,,,,,,,,,,,,,,,,
Spano,Ross,FL-15,Rep,House,yes,Male,,,,,,,,,,,,,,,,,,,,
Franklin,Scott,FL-15,Rep,House,no,,,,,,,,,,,,,,,,,,,,,
Britvec,Kel,FL-15,Dem,House,no,,,,,,,,,,,,,,,,,,,,,
Cohn,Alan,FL-15,Dem,House,no,,,,,,,,,,,,,,,,,,,,,
Hattersley,Adam,FL-15,Dem,House,no,,,,,,,,,,,,,,,,,,,,,
Lax Miller,Loretta,FL-15,Dem,House,no,,,,,,,,,,,,,,,,,,,,,
Philippe ,Jesse,FL-15,Dem,House,no,,,,,,,,,,,,,,,,,,,,,
Levertt,Kevin Michael,FL-15,Ind,House,no,,,,,,,,,,,,,,,,,,,,,
Buchanan,Vern,FL-16,Rep,House,yes,Male,,,,,,,,,,,,,,,,,,,,
Wayne Milligan,Jerry III,FL-16,Rep,House,no,,,,,,,,,,,,,,,,,,,,,
Good,Margaret,FL-16,Dem,House,no,,,,,,,,,,,,,,,,,,,,,
Steube ,Greg,FL-17,Rep,House,yes,,,,,,,,,,,,,,,,,,,,,
Labruno,Gina Christine,FL-17,Rep,House,no,,,,,,,,,,,,,,,,,,,,,
Ellison,Allen,FL-17,Dem,House,no,,,,,,,,,,,,,,,,,,,,,
Murray,Theodore,FL-17,Dem,House,no,,,,,,,,,,,,,,,,,,,,,
Mast,Brian,FL-18,Rep,House,yes,,,,,,,,,,,,,,,,,,,,,
Vessio,Nicholas,FL-18,Rep,House,no,,,,,,,,,,,,,,,,,,,,,
Vasquez,Oz,FL-18,Dem,House,no,,,,,,,,,,,,,,,,,,,,,
Vaughn,Karen,FL-18,None,House,no,,,,,,,,,,,,,,,,,,,,,
Banyai,Cindy,FL-19,Dem,House,no,,,,,,,,,,,,,,,,,,,,,
Holden,David,FL-19,Dem,House,no,,,,,,,,,,,,,,,,,,,,,
Aquino,Darren Dione,FL-19,Rep,House,no,,,,,,,,,,,,,,,,,,,,,
Donalds,Byron,FL-19,Rep,House,no,,,,,,,,,,,,,,,,,,,,,
Eagle,Dane,FL-19,Rep,House,no,,,,,,,,,,,,,,,,,,,,,
Figlesthaler,William,FL-19,Rep,House,no,,,,,,,,,,,,,,,,,,,,,
Fitzenhagen,Heather,FL-19,Rep,House,no,,,,,,,,,,,,,,,,,,,,,
Henderson,Randy,FL-19,Rep,House,no,,,,,,,,,,,,,,,,,,,,,
McLaughlin,Christy,FL-19,Rep,House,no,,,,,,,,,,,,,,,,,,,,,
O'Connell,Ford,FL-19,Rep,House,no,,,,,,,,,,,,,,,,,,,,,
Severson,Dan,FL-19,Rep,House,no,,,,,,,,,,,,,,,,,,,,,
Dumornay,Antonio,FL-19,Ind,House,no,,,,,,,,,,,,,,,,,,,,,
Hastings,Alcee,FL-20,Dem,House,yes,,,,,,,,,,,,,,,,,,,,,
Cherfilus-McCormick,Sheila,FL-20,Dem,House,no,,,,,,,,,,,,,,,,,,,,,
Mody,Roshan,FL-20,Dem,House,no,,,,,,,,,,,,,,,,,,,,,
Morel,Emmanuel,FL-20,Dem,House,no,,,,,,,,,,,,,,,,,,,,,
Jones,Lateresa,FL-20,Rep,House,no,,,,,,,,,,,,,,,,,,,,,
Miller,Ervan Katari,FL-20,Rep,House,no,,,,,,,,,,,,,,,,,,,,,
Musselwhite,Greg,FL-20,Rep,House,no,,,,,,,,,,,,,,,,,,,,,
Frankel,Lois,FL-21,Dem,House,yes,,,,,,,,,,,,,,,,,,,,,
Weiss,Guido,FL-21,Dem,House,no,,,,,,,,,,,,,,,,,,,,,
Acosta,Christian,FL-21,Rep,House,no,,,,,,,,,,,,,,,,,,,,,
Blass,Piotr,FL-21,Rep,House,no,,,,,,,,,,,,,,,,,,,,,
Bluemling,Michael Jr.,FL-21,Rep,House,no,,,,,,,,,,,,,,,,,,,,,
Felton,Liz,FL-21,Rep,House,no,,,,,,,,,,,,,,,,,,,,,
Garcia da Rosa,Victor,FL-21,Rep,House,no,,,,,,,,,,,,,,,,,,,,,
Loomer, Laura,FL-21,Rep,House,no,,,,,,,,,,,,,,,,,,,,,
Scanlan,Aaron,FL-21,Rep,House,no,,,,,,,,,,,,,,,,,,,,,
Sherrill,Reba,FL-21,Rep,House,no,,,,,,,,,,,,,,,,,,,,,
Vilardi,Michael,FL-21,Rep,House,no,,,,,,,,,,,,,,,,,,,,,
Canton,Stephen,FL-21,Ind,House,no,,,,,,,,,,,,,,,,,,,,,
Ahmad Mohammad,Imtiaz,FL-22,Dem,House,no,,,,,,,,,,,,,,,,,,,,,
Boyle,Kevin,FL-22,Rep,House,no,,,,,,,,,,,,,,,,,,,,,
Flynn,Frances,FL-22,Rep,House,no,,,,,,,,,,,,,,,,,,,,,
Melton,Jessi,FL-22,Rep,House,no,,,,,,,,,,,,,,,,,,,,,
Olson,Jeffrey,FL-22,Rep,House,no,,,,,,,,,,,,,,,,,,,,,
Pruden,James,FL-22,Rep,House,no,,,,,,,,,,,,,,,,,,,,,
Scott,Christine,FL-22,Rep,House,no,,,,,,,,,,,,,,,,,,,,,
Smith,Joe,FL-22,Rep,House,no,,,,,,,,,,,,,,,,,,,,,
Swaffar,Darlene,FL-22,Rep,House,no,,,,,,,,,,,,,,,,,,,,,
Walters,Eddison,FL-22,Rep,House,no,,,,,,,,,,,,,,,,,,,,,
Marmorato,Lisa,FL-22,None,House,no,,,,,,,,,,,,,,,,,,,,,
Perelman,Jen,FL-23,Dem,House,no,,,,,,,,,,,,,,,,,,,,,
Fugate,D.B.,FL-23,Rep,House,no,,,,,,,,,,,,,,,,,,,,,
Katz,Ilya,FL-23,Rep,House,no,,,,,,,,,,,,,,,,,,,,,
Kroske,Michael,FL-23,Rep,House,no,,,,,,,,,,,,,,,,,,,,,
Mendelson,Richard,FL-23,Rep,House,no,,,,,,,,,,,,,,,,,,,,,
Nizahon,Shlomo,FL-23,Rep,House,no,,,,,,,,,,,,,,,,,,,,,
Spanding,Carla,FL-23,Rep,House,no,,,,,,,,,,,,,,,,,,,,,
Lehtola,Sakinah,FL-24,Dem,House,no,,,,,,,,,,,,,,,,,,,,,
Olivo,Christine Alexandria,FL-24,Dem,House,no,,,,,,,,,,,,,,,,,,,,,
Chong,Kirk,FL-24,Rep,House,no,,,,,,,,,,,,,,,,,,,,,
Spicer,Lavern,FL-24,Rep,House,no,,,,,,,,,,,,,,,,,,,,,
Diaz-Balart,Mario,FL-25,Rep,House,yes,,,,,,,,,,,,,,,,,,,,,
Hughes,Tom,FL-25,Rep,House,no,,,,,,,,,,,,,,,,,,,,,
Parsky,Stewart,FL-25,Rep,House,no,,,,,,,,,,,,,,,,,,,,,
Escobar,Yadira,FL-25,Dem,House,no,,,,,,,,,,,,,,,,,,,,,
Mucarsel-Powell,Debbie,FL-26,Dem,House,yes,Female,,,,,,,,,,,,,,,,,,,,
Blanco,Omar,FL-26,Rep,House,no,,,,,,,,,,,,,,,,,,,,,
Gimenez,Carlos,FL-26,Rep,House,no,,,,,,,,,,,,,,,,,,,,,
Vilarino,Irina,FL-26,Rep,House,no,,,,,,,,,,,,,,,,,,,,,
Shalala,Donna,FL-27,Dem,House,yes,Female,,,,,,,,,,,,,,,,,,,,
Ferrer,Gabriel,FL-27,Rep,House,no,,,,,,,,,,,,,,,,,,,,,
Fiol,Juan,FL-27,Rep,House,no,,,,,,,,,,,,,,,,,,,,,
Molina,Raymond,FL-27,Rep,House,no,,,,,,,,,,,,,,,,,,,,,
Montiel,Christian,FL-27,Rep,House,no,,,,,,,,,,,,,,,,,,,,,
Polo,Frank Sr.,FL-27,Rep,House,no,,,,,,,,,,,,,,,,,,,,,
Salazar,Maria Elvira,FL-27,Rep,House,no,,,,,,,,,,,,,,,,,,,,,
Tarrio,Enrique,FL-27,Rep,House,no,,,,,,,,,,,,,,,,,,,,,
Perdue,David,GA-00,Rep,Senate,yes,Male,,,,,,,,,,,,,,,,,,,,
Riggs Amico,Sarah,GA-00,Dem,Senate,no,,,,,,,,,,,,,,,,,,,,,
DeJesus,Marckeith,GA-00,Dem,Senate,no,,,,,,,,,,,,,,,,,,,,,
Dillard Smith,Maya,GA-00,Dem,Senate,no,,,,,,,,,,,,,,,,,,,,,
Knox,James,GA-00,Dem,Senate,no,,,,,,,,,,,,,,,,,,,,,
Carpenter McCracken,Tricia,GA-00,Dem,Senate,no,,,,,,,,,,,,,,,,,,,,,
Ossoff,Jon,GA-00,Dem,Senate,no,,,,,,,,,,,,,,,,,,,,,
Tomlinson,Teresa,GA-00,Dem,Senate,no,,,,,,,,,,,,,,,,,,,,,
Hazel,Shane,GA-00,Lib,Senate,no,,,,,,,,,,,,,,,,,,,,,
Kilby,Clifton,GA-00,Ind,Senate,no,,,,,,,,,,,,,,,,,,,,,
McGuire,Darrell,GA-00,Ind,Senate,no,,,,,,,,,,,,,,,,,,,,,
Loeffler,Kelly,GA-00 (S),Rep,Senate,yes,Female,,,,,,,,,,,,,,,,,,,,
Collins,Doug,GA-00 (S),Rep,Senate,no,,,,,,,,,,,,,,,,,,,,,
Grayson,Derrick,GA-00 (S),Rep,Senate,no,,,,,,,,,,,,,,,,,,,,,
Davis Jackson,Annette,GA-00 (S),Rep,Senate,no,,,,,,,,,,,,,,,,,,,,,
Johnson,A. Wayne,GA-00 (S),Rep,Senate,no,,,,,,,,,,,,,,,,,,,,,
Taylor,Kandiss,GA-00 (S),Rep,Senate,no,,,,,,,,,,,,,,,,,,,,,
Jackson,Deborah,GA-00 (S),Dem,Senate,no,,,,,,,,,,,,,,,,,,,,,
James,Jamesia,GA-00 (S),Dem,Senate,no,,,,,,,,,,,,,,,,,,,,,
Johnson-Shealey,Tamara,GA-00 (S),Dem,Senate,no,,,,,,,,,,,,,,,,,,,,,
Lieberman,Matt,GA-00 (S),Dem,Senate,no,,,,,,,,,,,,,,,,,,,,,
Slade,Joy Felicia,GA-00 (S),Dem,Senate,no,,,,,,,,,,,,,,,,,,,,,
Tarver,Ed,GA-00 (S),Dem,Senate,no,,,,,,,,,,,,,,,,,,,,,
Warnock,Raphael,GA-00 (S),Dem,Senate,no,,,,,,,,,,,,,,,,,,,,,
Winfield,Richard Dien,GA-00 (S),Dem,Senate,no,,,,,,,,,,,,,,,,,,,,,
Fortuin ,John,GA-00 (S),Green,Senate,no,,,,,,,,,,,,,,,,,,,,,
Slowinski,Brian,GA-00 (S),Lib,Senate,no,,,,,,,,,,,,,,,,,,,,,
Bartell,Elbert,GA-00 (S),Ind,Senate,no,,,,,,,,,,,,,,,,,,,,,
Buckley,Allen,GA-00 (S),Ind,Senate,no,,,,,,,,,,,,,,,,,,,,,
Greene,Michael Todd,GA-00 (S),Ind,Senate,no,,,,,,,,,,,,,,,,,,,,,
Mack, Rod,GA-00 (S),Ind,Senate,no,,,,,,,,,,,,,,,,,,,,,
Stovall,Valencia,GA-00 (S),Ind,Senate,no,,,,,,,,,,,,,,,,,,,,,
Carter,Earl,GA-01,Rep,House,yes,,,,,,,,,,,,,,,,,,,,,
Merritt,Daniel,GA-01,Rep,House,no,,,,,,,,,,,,,,,,,,,,,
Yasger,Ken,GA-01,Rep,House,no,,,,,,,,,,,,,,,,,,,,,
Griggs,Joyce Marie,GA-01,Dem,House,no,,,,,,,,,,,,,,,,,,,,,
Ring,Lisa,GA-01,Dem,House,no,,,,,,,,,,,,,,,,,,,,,
Seidman,Barbara,GA-01,Dem,House,no,,,,,,,,,,,,,,,,,,,,,
Bishop,Sanford Jr.,GA-02,Dem,House,yes,,,,,,,,,,,,,,,,,,,,,
Childs,Vivian,GA-02,Rep,House,no,,,,,,,,,,,,,,,,,,,,,
Cole,Donald,GA-02,Rep,House,no,,,,,,,,,,,,,,,,,,,,,
Ferguson, Drew,GA-03,Rep,House,yes,,,,,,,,,,,,,,,,,,,,,
Almonord,Val,GA-03,Dem,House,no,,,,,,,,,,,,,,,,,,,,,
Johnson,Hank,GA-04,Dem,House,yes,,,,,,,,,,,,,,,,,,,,,
Haston,William,GA-04,Dem,House,no,,,,,,,,,,,,,,,,,,,,,
Nietman,Elaine,GA-04,Dem,House,no,,,,,,,,,,,,,,,,,,,,,
Cruz,Johsie,GA-04,Rep,House,no,,,,,,,,,,,,,,,,,,,,,
Lewis,John,GA-05,Dem,House,yes,,,,,,,,,,,,,,,,,,,,,
Martin,Barrington II,GA-05,Dem,House,no,,,,,,,,,,,,,,,,,,,,,
Stanton-King,Angela,GA-05,Rep,House,no,,,,,,,,,,,,,,,,,,,,,
McBath,Lucy,GA-06,Dem,House,yes,Female,,,,,,,,,,,,,,,,,,,,
Barthelemy,Mykel Lynn,GA-06,Rep,House,no,,,,,,,,,,,,,,,,,,,,,
Handel,Karen,GA-06,Rep,House,no,,,,,,,,,,,,,,,,,,,,,
Harbin,Blake,GA-06,Rep,House,no,,,,,,,,,,,,,,,,,,,,,
Profit,Joe,GA-06,Rep,House,no,,,,,,,,,,,,,,,,,,,,,
Smith,Paulette,GA-06,Rep,House,no,,,,,,,,,,,,,,,,,,,,,
Harrison,Jayla,GA-06,Commandments Party,House,no,,,,,,,,,,,,,,,,,,,,,
Bourdeaux,Carolyn,GA-07,Dem,House,no,,,,,,,,,,,,,,,,,,,,,
Eaves,John,GA-07,Dem,House,no,,,,,,,,,,,,,,,,,,,,,
Islam,Nabilah,GA-07,Dem,House,no,,,,,,,,,,,,,,,,,,,,,
Karinshak,Zahra,GA-07,Dem,House,no,,,,,,,,,,,,,,,,,,,,,
Lopez Romero,Brenda,GA-07,Dem,House,no,,,,,,,,,,,,,,,,,,,,,
Malik,Rashid,GA-07,Dem,House,no,,,,,,,,,,,,,,,,,,,,,
Babbage,Lisa,GA-07,Rep,House,no,,,,,,,,,,,,,,,,,,,,,
Gonsalves,Mark,GA-07,Rep,House,no,,,,,,,,,,,,,,,,,,,,,
Homrich,Lynne,GA-07,Rep,House,no,,,,,,,,,,,,,,,,,,,,,
Kennemore,Zachary,GA-07,Rep,House,no,,,,,,,,,,,,,,,,,,,,,
McCormick,Rich,GA-07,Rep,House,no,,,,,,,,,,,,,,,,,,,,,
Unterman,Renee,GA-07,Rep,House,no,,,,,,,,,,,,,,,,,,,,,
Yu,Eugene,GA-07,Rep,House,no,,,,,,,,,,,,,,,,,,,,,
Scott,Austin,GA-08,Rep,House,yes,,,,,,,,,,,,,,,,,,,,,
Vance Dean,Robert,GA-08,Rep,House,no,,,,,,,,,,,,,,,,,,,,,
Ellyson,Daniel,GA-08,Rep,House,no,,,,,,,,,,,,,,,,,,,,,
Holliday,Lindsay,GA-08,Dem,House,no,,,,,,,,,,,,,,,,,,,,,
Cooper,James III,GA-08,Green,House,no,,,,,,,,,,,,,,,,,,,,,
Pandy,Devin,GA-09,Dem,House,no,,,,,,,,,,,,,,,,,,,,,
Siskin,Brooke,GA-09,Dem,House,no,,,,,,,,,,,,,,,,,,,,,
Wilson,Dan,GA-09,Dem,House,no,,,,,,,,,,,,,,,,,,,,,
Boggus,Michael,GA-09,Rep,House,no,,,,,,,,,,,,,,,,,,,,,
Broun,Paul C.,GA-09,Rep,House,no,,,,,,,,,,,,,,,,,,,,,
Clyde,Andrew,GA-09,Rep,House,no,,,,,,,,,,,,,,,,,,,,,
Gurtler,Matt,GA-09,Rep,House,no,,,,,,,,,,,,,,,,,,,,,
Strickand,Maria,GA-09,Rep,House,no,,,,,,,,,,,,,,,,,,,,,
Tanner,Kevin,GA-09,Rep,House,no,,,,,,,,,,,,,,,,,,,,,
Underwood,Ethan,GA-09,Rep,House,no,,,,,,,,,,,,,,,,,,,,,
Weeks,Kellie,GA-09,Rep,House,no,,,,,,,,,,,,,,,,,,,,,
Wilkinson,John,GA-09,Rep,House,no,,,,,,,,,,,,,,,,,,,,,
Hice,Jody,GA-10,Rep,House,yes,,,,,,,,,,,,,,,,,,,,,
Ferguson,Andrew,GA-10,Dem,House,no,,,,,,,,,,,,,,,,,,,,,
Johnson-Green,Tabitha,GA-10,Dem,House,no,,,,,,,,,,,,,,,,,,,,,
Loudermilk,Barry,GA-11,Rep,House,yes,,,,,,,,,,,,,,,,,,,,,
Barrett,Dana,GA-11,Dem,House,no,,,,,,,,,,,,,,,,,,,,,
Sellers,Roderick,GA-11,Dem,House,no,,,,,,,,,,,,,,,,,,,,,
Allen,Rick,GA-12,Rep,House,yes,,,,,,,,,,,,,,,,,,,,,
Johnson,Liz,GA-12,Dem,House,no,,,,,,,,,,,,,,,,,,,,,
Steiner,Dan,GA-12,Dem,House,no,,,,,,,,,,,,,,,,,,,,,
Scott,David,GA-13,Dem,House,yes,,,,,,,,,,,,,,,,,,,,,
Owens,Michael,GA-13,Dem,House,no,,,,,,,,,,,,,,,,,,,,,
Peters,Jannquell,GA-13,Dem,House,no,,,,,,,,,,,,,,,,,,,,,
Waites,Keisha Sean,GA-13,Dem,House,no,,,,,,,,,,,,,,,,,,,,,
Gonzales,Caesar,GA-13,Rep,House,no,,,,,,,,,,,,,,,,,,,,,
Hites,Becky E.,GA-13,Rep,House,no,,,,,,,,,,,,,,,,,,,,,
Van Ausdal,Kevin,GA-14,Dem,House,no,,,,,,,,,,,,,,,,,,,,,
Barge,John,GA-14,Rep,House,no,,,,,,,,,,,,,,,,,,,,,
Bullock,Ben,GA-14,Rep,House,no,,,,,,,,,,,,,,,,,,,,,
Cooke,Kevin,GA-14,Rep,House,no,,,,,,,,,,,,,,,,,,,,,
Cowan,John,GA-14,Rep,House,no,,,,,,,,,,,,,,,,,,,,,
Fuller,Clayton,GA-14,Rep,House,no,,,,,,,,,,,,,,,,,,,,,
Taylor Greene,Marjorie,GA-14,Rep,House,no,,,,,,,,,,,,,,,,,,,,,
Gunther,Andy,GA-14,Rep,House,no,,,,,,,,,,,,,,,,,,,,,
Hembree,Bill,GA-14,Rep,House,no,,,,,,,,,,,,,,,,,,,,,
Laughridge,Matt,GA-14,Rep,House,no,,,,,,,,,,,,,,,,,,,,,
Case,Ed,HA-01,Dem,House,yes,,,,,,,,,,,,,,,,,,,,,
Open,,HA-01,Rep,House,no,,,,,,,,,,,,,,,,,,,,,
Cornejo,David,HA-02,Dem,House,no,,,,,,,,,,,,,,,,,,,,,
Evans,Brian,HA-02,Dem,House,no,,,,,,,,,,,,,,,,,,,,,
Kahele,Kaiali'i,HA-02,Dem,House,no,,,,,,,,,,,,,,,,,,,,,
Meza,Ryan,HA-02,Dem,House,no,,,,,,,,,,,,,,,,,,,,,
Akana,Joseph,HA-02,Rep,House,no,,,,,,,,,,,,,,,,,,,,,
Hoomanawanui,,HA-02,Rep,House,no,,,,,,,,,,,,,,,,,,,,,
Ernst,Joni,IA-00,Rep,Senate,yes,Female,,,,,,,,,,,,,,,,,,,,
Franken,Michael,IA-00,Dem,Senate,no,,,,,,,,,,,,,,,,,,,,,
Graham,Kimberly,IA-00,Dem,Senate,no,,,,,,,,,,,,,,,,,,,,,
Greenfield,Theresa,IA-00,Dem,Senate,no,,,,,,,,,,,,,,,,,,,,,
Mauro,Eddie,IA-00,Dem,Senate,no,,,,,,,,,,,,,,,,,,,,,
Woods,Cal,IA-00,Dem,Senate,no,,,,,,,,,,,,,,,,,,,,,
Stewart,Rick,IA-00,Lib,Senate,no,,,,,,,,,,,,,,,,,,,,,
Herzog,Suzanne,IA-00,Ind,Senate,no,,,,,,,,,,,,,,,,,,,,,
Finkenauer,Abby,IA-01,Dem,House,yes,Female,,,,,,,,,,,,,,,,,,,,
Hansen,Thomas,IA-01,Rep,House,no,,,,,,,,,,,,,,,,,,,,,
Hinson,Ashley,IA-01,Rep,House,no,,,,,,,,,,,,,,,,,,,,,
Hart,Rita,IA-02,Dem,House,no,,,,,,,,,,,,,,,,,,,,,
Borchardt,Tim,IA-02,Rep,House,no,,,,,,,,,,,,,,,,,,,,,
Everly,Steven,IA-02,Rep,House,no,,,,,,,,,,,,,,,,,,,,,
Miller-Meeks,Mariannette,IA-02,Rep,House,no,,,,,,,,,,,,,,,,,,,,,
Phillips,Ricky Lee,IA-02,Rep,House,no,,,,,,,,,,,,,,,,,,,,,
Schilling,Robert T.,IA-02,Rep,House,no,,,,,,,,,,,,,,,,,,,,,
Axne,Cindy,IA-03,Dem,House,yes,Female,,,,,,,,,,,,,,,,,,,,
Schafer,Bill,IA-03,Rep,House,,,,,,,,,,,,,,,,,,,,,,
Young,David,IA-03,Rep,House,,,,,,,,,,,,,,,,,,,,,,
Holder,Bryan,IA-03,Lib,House,,,,,,,,,,,,,,,,,,,,,,
King,Steve,IA-04,Rep,House,yes,Male,,,,,,,,,,,,,,,,,,,,
Feenstra,Randy,IA-04,Rep,House,,,,,,,,,,,,,,,,,,,,,,
Reeder,Steve,IA-04,Rep,House,,,,,,,,,,,,,,,,,,,,,,
Richards,Bret,IA-04,Rep,House,,,,,,,,,,,,,,,,,,,,,,
Taylor,Jeremy,IA-04,Rep,House,,,,,,,,,,,,,,,,,,,,,,
Scholten,J.D.,IA-04,Dem,House,,,,,,,,,,,,,,,,,,,,,,
Risch,Jim,ID-00,Rep,Senate,yes,Male,,,,,,,,,,,,,,,,,,,,
Jordan,Paulette E.,ID-00,Dem ,Senate,,,,,,,,,,,,,,,,,,,,,,
Vandermaas,James,ID-00,Dem,Senate,,,,,,,,,,,,,,,,,,,,,,
Writz,Ray,ID-00,Constitution Party,Senate,,,,,,,,,,,,,,,,,,,,,,
Fleming,Natalie,ID-00,Ind,Senate,,,,,,,,,,,,,,,,,,,,,,
Fulcher,Russ,ID-01,Rep,House,yes,,,,,,,,,,,,,,,,,,,,,
Jones,Nicholas,ID-01,Rep,House,no,,,,,,,,,,,,,,,,,,,,,
Nikolova,Staniela,ID-01,Dem,House,no,,,,,,,,,,,,,,,,,,,,,
Soto,Rudy,ID-01,Dem,House,no,,,,,,,,,,,,,,,,,,,,,
Evans ,Joe,ID-01,Lib,House,no,,,,,,,,,,,,,,,,,,,,,
Simpson,Michael K.,ID-02,Rep,House,yes,,,,,,,,,,,,,,,,,,,,,
Rhoades,Kevin,ID-02,Rep,House,no,,,,,,,,,,,,,,,,,,,,,
Swisher,Aaron,ID-02,Dem,House,no,,,,,,,,,,,,,,,,,,,,,
Pro-Life (formerly known as: Marvin Thomas Richardson),,ID-02,Constitution Party,House,no,,,,,,,,,,,,,,,,,,,,,
Idaho Law,,ID-02,Lib,House,no,,,,,,,,,,,,,,,,,,,,,
Durbin,Dick,IL-00,Dem,Senate,yes,Male,,,,,,,,,,,,,,,,,,,,
Curran,Mark,IL-00,Rep,Senate,no,,,,,,,,,,,,,,,,,,,,,
Malouf,Danny,IL-00,Lib,Senate,no,,,,,,,,,,,,,,,,,,,,,
Feges,Patrick,IL-00,Ind,Senate,no,,,,,,,,,,,,,,,,,,,,,
Wilson,Willie,IL-00,Ind,Senate,no,,,,,,,,,,,,,,,,,,,,,
Rush,Bobby,IL-01,Dem,House,yes,,,,,,,,,,,,,,,,,,,,,
White,Philanise,IL-01,Rep,House,no,,,,,,,,,,,,,,,,,,,,,
Pellegrini,Ruth,IL-01,Ind,House,no,,,,,,,,,,,,,,,,,,,,,
Kelly ,Robin,IL-02,Dem,House,yes,,,,,,,,,,,,,,,,,,,,,
Raborn,Theresa,IL-02,Rep,House,no,,,,,,,,,,,,,,,,,,,,,
Newman,Marie,IL-03,Dem,House,no,,,,,,,,,,,,,,,,,,,,,
Fricilone,Mike,IL-03,Rep,House,no,,,,,,,,,,,,,,,,,,,,,
Garcia,Jesus,IL-04,Dem,House,yes,,,,,,,,,,,,,,,,,,,,,
Lasky,Christopher,IL-04,Rep,House,no,,,,,,,,,,,,,,,,,,,,,
Sosa,Ruben,IL-04,Ind,House,no,,,,,,,,,,,,,,,,,,,,,
Quigley,Mike,IL-05,Dem,House,yes,,,,,,,,,,,,,,,,,,,,,
Hanson,Tommy,IL-05,Rep,House,no,,,,,,,,,,,,,,,,,,,,,
Casten,Sean,IL-06,Dem,House,yes,Male,,,,,,,,,,,,,,,,,,,,
Ives,Jeanne M.,IL-06,Rep,House,no,,,,,,,,,,,,,,,,,,,,,
Davis,Danny K.,IL-07,Dem,House,yes,,,,,,,,,,,,,,,,,,,,,
Cameron,Craig,IL-07,Rep,House,no,,,,,,,,,,,,,,,,,,,,,
Jennings,Tracy,IL-07,Ind,House,no,,,,,,,,,,,,,,,,,,,,,
Krishnamoorthi,Raja,IL-08,Dem,House,yes,,,,,,,,,,,,,,,,,,,,,
Open,Primary cancelled,IL-08,Rep,House,no,,,,,,,,,,,,,,,,,,,,,
Schakowsky,Jan,IL-09,Dem,House,yes,,,,,,,,,,,,,,,,,,,,,
Sangari,Sargis,IL-09,Rep,House,no,,,,,,,,,,,,,,,,,,,,,
Schneider,Brad,IL-10,Dem,House,yes,,,,,,,,,,,,,,,,,,,,,
Ramirez Mukherjee,Valerie,IL-10,Rep,House,no,,,,,,,,,,,,,,,,,,,,,
Heinz,Bradley,IL-10,Ind,House,no,,,,,,,,,,,,,,,,,,,,,
Foster,Bill,IL-11,Dem,House,yes,,,,,,,,,,,,,,,,,,,,,
Laib,Rick,IL-11,Rep,House,no,,,,,,,,,,,,,,,,,,,,,
Bost,Mike,IL-12,Rep,House,yes,,,,,,,,,,,,,,,,,,,,,
Funk,Joel,IL-12,Dem,House,no,,,,,,,,,,,,,,,,,,,,,
Lenzi,Ray,IL-12,Dem,House,no,,,,,,,,,,,,,,,,,,,,,
Boeving,Brian,IL-12,Ind,House,no,,,,,,,,,,,,,,,,,,,,,
Davis,Rodney,IL-13,Rep,House,yes,Male,,,,,,,,,,,,,,,,,,,,
Londrigan,Betsy,IL-13,Dem,House,no,,,,,,,,,,,,,,,,,,,,,
Underwood,Lauren,IL-14,Dem,House,yes,Female,,,,,,,,,,,,,,,,,,,,
Oberweis,Jim,IL-14,Rep,House,no,,,,,,,,,,,,,,,,,,,,,
Weaver,Erika,IL-15,Dem,House,no,,,,,,,,,,,,,,,,,,,,,
Miller,Mary,IL-15,Rep,House,no,,,,,,,,,,,,,,,,,,,,,
Kinzinger,Adam,IL-16,Rep,House,yes,,,,,,,,,,,,,,,,,,,,,
Brzozowski,Dani,IL-16,Dem,House,no,,,,,,,,,,,,,,,,,,,,,
Bustos,Cheri,IL-17,Dem,House,yes,Female,,,,,,,,,,,,,,,,,,,,
King,Esther Joy,IL-17,Rep,House,no,,,,,,,,,,,,,,,,,,,,,
LaHood,Darin,IL-18,Rep,House,yes,,,,,,,,,,,,,,,,,,,,,
Open,Primary cancelled,IL-18,Dem,House,no,,,,,,,,,,,,,,,,,,,,,
Borom,Melissa,IN-01,Dem,House,no,,,,,,,,,,,,,,,,,,,,,
Castro,Carrie,IN-01,Dem,House,no,,,,,,,,,,,,,,,,,,,,,
Costello,Scott,IN-01,Dem,House,no,,,,,,,,,,,,,,,,,,,,,
Daggett,Antonio Sr.,IN-01,Dem,House,no,,,,,,,,,,,,,,,,,,,,,
Farrar,Ryan,IN-01,Dem,House,no,,,,,,,,,,,,,,,,,,,,,
Haake,Sabrina,IN-01,Dem,House,no,,,,,,,,,,,,,,,,,,,,,
Hall,John,IN-01,Dem,House,no,,,,,,,,,,,,,,,,,,,,,
Harper,Jim,IN-01,Dem,House,no,,,,,,,,,,,,,,,,,,,,,
McDermott,Thomas Jr.,IN-01,Dem,House,no,,,,,,,,,,,,,,,,,,,,,
Mosby,Wendell,IN-01,Dem,House,no,,,,,,,,,,,,,,,,,,,,,
Mrvan,Frank,IN-01,Dem,House,no,,,,,,,,,,,,,,,,,,,,,
Candelaria Reardon,Mara,IN-01,Dem,House,no,,,,,,,,,,,,,,,,,,,,,
Reeves,Jayson,IN-01,Dem,House,no,,,,,,,,,,,,,,,,,,,,,
Sylwestrowicz,Andrew,IN-01,Dem,House,no,,,,,,,,,,,,,,,,,,,,,
Bergeron,Dion,IN-01,Rep,House,no,,,,,,,,,,,,,,,,,,,,,
Handley,Mont,IN-01,Rep,House,no,,,,,,,,,,,,,,,,,,,,,
Lemmons,Spencer,IN-01,Rep,House,no,,,,,,,,,,,,,,,,,,,,,
Leyva,Mark,IN-01,Rep,House,no,,,,,,,,,,,,,,,,,,,,,
Powers,William,IN-01,Rep,House,no,,,,,,,,,,,,,,,,,,,,,
Scaife,Delano,IN-01,Rep,House,no,,,,,,,,,,,,,,,,,,,,,
Walorski,Jackie,IN-02,Rep,House,yes,,,,,,,,,,,,,,,,,,,,,
Davis ,Christopher,IN-02,Rep,House,no,,,,,,,,,,,,,,,,,,,,,
Hackett,Pat,IN-02,Dem,House,no,,,,,,,,,,,,,,,,,,,,,
Marks,Ellen,IN-02,Dem,House,no,,,,,,,,,,,,,,,,,,,,,
Banks,Jim,IN-03,Rep,House,yes,,,,,,,,,,,,,,,,,,,,,
Magiera,Chris,IN-03,Rep,House,no,,,,,,,,,,,,,,,,,,,,,
Coldiron,Chip,IN-03,Dem,House,no,,,,,,,,,,,,,,,,,,,,,
Kalonji,Jean-Paul,IN-03,Dem,House,no,,,,,,,,,,,,,,,,,,,,,
Marcano,Carlos,IN-03,Dem,House,no,,,,,,,,,,,,,,,,,,,,,
Schrader,Tommy,IN-03,Dem,House,no,,,,,,,,,,,,,,,,,,,,,
Baird,Jim,IN-04,Rep,House,yes,,,,,,,,,,,,,,,,,,,,,
Alberts,Jeffrey,IN-04,Rep,House,no,,,,,,,,,,,,,,,,,,,,,
Frederick,Benjamin,IN-04,Dem,House,no,,,,,,,,,,,,,,,,,,,,,
Mackey,Joe,IN-04,Dem,House,no,,,,,,,,,,,,,,,,,,,,,
Pollchik,Howard,IN-04,Dem,House,no,,,,,,,,,,,,,,,,,,,,,
Ziol,Veronikka,IN-04,Dem,House,no,,,,,,,,,,,,,,,,,,,,,
Abernathy,Kent,IN-05,Rep,House,no,,,,,,,,,,,,,,,,,,,,,
Bales,Andrew,IN-05,Rep,House,no,,,,,,,,,,,,,,,,,,,,,
Beckwith,Micah,IN-05,Rep,House,no,,,,,,,,,,,,,,,,,,,,,
Brizzi,Carl,IN-05,Rep,House,no,,,,,,,,,,,,,,,,,,,,,
Davidson,Allen,IN-05,Rep,House,no,,,,,,,,,,,,,,,,,,,,,
Dietzen,Chuck,IN-05,Rep,House,no,,,,,,,,,,,,,,,,,,,,,
Henderson,Beth,IN-05,Rep,House,no,,,,,,,,,,,,,,,,,,,,,
Hook,Matthew,IN-05,Rep,House,no,,,,,,,,,,,,,,,,,,,,,
Hullinger,Matthew,IN-05,Rep,House,no,,,,,,,,,,,,,,,,,,,,,
Jay,Mark,IN-05,Rep,House,no,,,,,,,,,,,,,,,,,,,,,
Mitchell,Kelly,IN-05,Rep,House,no,,,,,,,,,,,,,,,,,,,,,
Niederberger,Danny,IN-05,Rep,House,no,,,,,,,,,,,,,,,,,,,,,
Small,Mark,IN-05,Rep,House,no,,,,,,,,,,,,,,,,,,,,,
Spartz,Victoria,IN-05,Rep,House,no,,,,,,,,,,,,,,,,,,,,,
Stwalley,Russel,IN-05,Rep,House,no,,,,,,,,,,,,,,,,,,,,,
Wakley,Victor,IN-05,Rep,House,no,,,,,,,,,,,,,,,,,,,,,
Christie,Jennifer,IN-05,Dem,House,no,,,,,,,,,,,,,,,,,,,,,
Hale,Christina,IN-05,Dem,House,no,,,,,,,,,,,,,,,,,,,,,
Jacobs,Andy,IN-05,Dem,House,no,,,,,,,,,,,,,,,,,,,,,
Spelbring,Ralph,IN-05,Dem,House,no,,,,,,,,,,,,,,,,,,,,,
Thornton,Dee,IN-05,Dem,House,no,,,,,,,,,,,,,,,,,,,,,
Pence,Greg,IN-06,Rep,House,yes,,,,,,,,,,,,,,,,,,,,,
Campbell,Mike,IN-06,Rep,House,no,,,,,,,,,,,,,,,,,,,,,
Holland,George Thomas,IN-06,Dem,House,no,,,,,,,,,,,,,,,,,,,,,
Lake,Jeannine Lee,IN-06,Dem,House,no,,,,,,,,,,,,,,,,,,,,,
Welsh,Barry,IN-06,Dem,House,no,,,,,,,,,,,,,,,,,,,,,
Carson,André,IN-07,Dem,House,yes,,,,,,,,,,,,,,,,,,,,,
Pullins,Pierre Quincy,IN-07,Dem,House,no,,,,,,,,,,,,,,,,,,,,,
Davis,Jon,IN-07,Rep,House,no,,,,,,,,,,,,,,,,,,,,,
Merrill,Douglas,IN-07,Rep,House,no,,,,,,,,,,,,,,,,,,,,,
Miniear,J.D.,IN-07,Rep,House,no,,,,,,,,,,,,,,,,,,,,,
Ramey,Martin,IN-07,Rep,House,no,,,,,,,,,,,,,,,,,,,,,
Smith,Susan Marie,IN-07,Rep,House,no,,,,,,,,,,,,,,,,,,,,,
Walters,Gerald,IN-07,Rep,House,no,,,,,,,,,,,,,,,,,,,,,
Bucshon,Larry,IN-08,Rep,House,yes,,,,,,,,,,,,,,,,,,,,,
Drake,Ron,IN-08,Dem,House,no,,,,,,,,,,,,,,,,,,,,,
Marsili,Thomasina,IN-08,Dem,House,no,,,,,,,,,,,,,,,,,,,,,
Webster,Mike,IN-08,Dem,House,no,,,,,,,,,,,,,,,,,,,,,
Hollingsworth,Trey,IN-09,Rep,House,yes,,,,,,,,,,,,,,,,,,,,,
Dorris,D. Liam,IN-09,Dem,House,no,,,,,,,,,,,,,,,,,,,,,
Hood,Brandon,IN-09,Dem,House,no,,,,,,,,,,,,,,,,,,,,,
O'Gabhann,James III,IN-09,Dem,House,no,,,,,,,,,,,,,,,,,,,,,
Powell,Mark J.,IN-09,Dem,House,no,,,,,,,,,,,,,,,,,,,,,
Ruff,Andy,IN-09,Dem,House,no,,,,,,,,,,,,,,,,,,,,,
Tilford,John,IN-09,Ind,House,no,,,,,,,,,,,,,,,,,,,,,
Bollier,Barbara,KS-00,Dem,Senate,no,,,,,,,,,,,,,,,,,,,,,
Reddi,Usha,KS-00,Dem,Senate,no,,,,,,,,,,,,,,,,,,,,,
Smith,Adam,KS-00,Dem,Senate,no,,,,,,,,,,,,,,,,,,,,,
Tillman,Robert,KS-00,Dem,Senate,no,,,,,,,,,,,,,,,,,,,,,
Kobach,Kris,KS-00,Rep,Senate,no,,,,,,,,,,,,,,,,,,,,,
Lindstrom,Dave,KS-00,Rep,Senate,no,,,,,,,,,,,,,,,,,,,,,
Marshall,Roger,KS-00,Rep,Senate,no,,,,,,,,,,,,,,,,,,,,,
Matlock,Brian,KS-00,Rep,Senate,no,,,,,,,,,,,,,,,,,,,,,
Roberts,Steve,KS-00,Rep,Senate,no,,,,,,,,,,,,,,,,,,,,,
Robles,Gabriel Mark,KS-00,Rep,Senate,no,,,,,,,,,,,,,,,,,,,,,
Wagle ,Susan,KS-00,Rep,Senate,no,,,,,,,,,,,,,,,,,,,,,
Tuten,Paul,KS-00,None,Senate,no,,,,,,,,,,,,,,,,,,,,,
Barnett,Kali,KS-01,Dem,House,no,,,,,,,,,,,,,,,,,,,,,
Davis,Christy,KS-01,Dem,House,no,,,,,,,,,,,,,,,,,,,,,
Williams,Brandon,KS-01,Dem,House,no,,,,,,,,,,,,,,,,,,,,,
Clifford,Bill,KS-01,Rep,House,no,,,,,,,,,,,,,,,,,,,,,
Mann,Tracey,KS-01,Rep,House,no,,,,,,,,,,,,,,,,,,,,,
Waymaster,Troy L.,KS-01,Rep,House,no,,,,,,,,,,,,,,,,,,,,,
LaTurner,Jacob,KS-02,Rep,House,no,,,,,,,,,,,,,,,,,,,,,
De La Isla,Michele,KS-02,Dem,House,no,,,,,,,,,,,,,,,,,,,,,
Davids,Sharice,KS-03,Dem,House,yes,Female,,,,,,,,,,,,,,,,,,,,
Adkins,Amanda,KS-03,Rep,House,no,,,,,,,,,,,,,,,,,,,,,
Beehler,Mike,KS-03,Rep,House,no,,,,,,,,,,,,,,,,,,,,,
Vallejo Foster,Adrienne,KS-03,Rep,House,no,,,,,,,,,,,,,,,,,,,,,
Hart Weir,Sara,KS-03,Rep,House,no,,,,,,,,,,,,,,,,,,,,,
Estes,Ron,KS-04,Rep,House,yes,,,,,,,,,,,,,,,,,,,,,
Open,,KS-04,Dem,House,no,,,,,,,,,,,,,,,,,,,,,
McConnell,Mitch,KY-00,Rep,Senate,yes,Male,,,,,,,,,,,,,,,,,,,,
Alsager,Nicholas,KY-00,Rep,Senate,no,,,,,,,,,,,,,,,,,,,,,
Crow,Wendell,KY-00,Rep,Senate,no,,,,,,,,,,,,,,,,,,,,,
Frangedakis,Paul John,KY-00,Rep,Senate,no,,,,,,,,,,,,,,,,,,,,,
Grider,Louis,KY-00,Rep,Senate,no,,,,,,,,,,,,,,,,,,,,,
James,Naren,KY-00,Rep,Senate,no,,,,,,,,,,,,,,,,,,,,,
Lowndes,Kenneth,KY-00,Rep,Senate,no,,,,,,,,,,,,,,,,,,,,,
Morgan,C. Wesley,KY-00,Rep,Senate,no,,,,,,,,,,,,,,,,,,,,,
Ausbrooks,Jimmy,KY-00,Dem,Senate,no,,,,,,,,,,,,,,,,,,,,,
Booker,Charles,KY-00,Dem,Senate,no,,,,,,,,,,,,,,,,,,,,,
Broihier,Mike,KY-00,Dem,Senate,no,,,,,,,,,,,,,,,,,,,,,
Hilliard,Maggie Jo,KY-00,Dem,Senate,no,,,,,,,,,,,,,,,,,,,,,
Maynard,Andrew,KY-00,Dem,Senate,no,,,,,,,,,,,,,,,,,,,,,
McGrath,Amy,KY-00,Dem,Senate,no,,,,,,,,,,,,,,,,,,,,,
Rothmuller,Eric,KY-00,Dem,Senate,no,,,,,,,,,,,,,,,,,,,,,
Sharpensteen,John,KY-00,Dem,Senate,no,,,,,,,,,,,,,,,,,,,,,
Smith,Bennie,KY-00,Dem,Senate,no,,,,,,,,,,,,,,,,,,,,,
Tobin,Mary Ann,KY-00,Dem,Senate,no,,,,,,,,,,,,,,,,,,,,,
Barron,Brad,KY-00,Lib,Senate,no,,,,,,,,,,,,,,,,,,,,,
Petteys,Derek Leonard,KY-00,Reform,Senate,no,,,,,,,,,,,,,,,,,,,,,
McDowell,Alyssa Dara,KY-00,Ind,Senate,no,,,,,,,,,,,,,,,,,,,,,
Rhodes,James,KY-01,Rep,House,yes,,,,,,,,,,,,,,,,,,,,,
Comer,James Jr.,KY-01,Dem,House,no,,,,,,,,,,,,,,,,,,,,,
Guthrie,Brett,KY-02,Rep,House,yes,,,,,,,,,,,,,,,,,,,,,
Free ,Kathleen,KY-02,Rep,House,no,,,,,,,,,,,,,,,,,,,,,
Linderman,Hank,KY-02,Dem,House,no,,,,,,,,,,,,,,,,,,,,,
Perry,Robert Lee,KY-02,Lib,House,no,,,,,,,,,,,,,,,,,,,,,
Yarmuth,John A.,KY-03,Dem,House,yes,,,,,,,,,,,,,,,,,,,,,
Craven,Mike,KY-03,Rep,House,no,,,,,,,,,,,,,,,,,,,,,
Eddings,Waymen,KY-03,Rep,House,no,,,,,,,,,,,,,,,,,,,,,
Palazzo,Rhonda,KY-03,Rep,House,no,,,,,,,,,,,,,,,,,,,,,
Massie,Thomas,KY-04,Rep,House,yes,,,,,,,,,,,,,,,,,,,,,
McMurtry,Todd,KY-04,Rep,House,no,,,,,,,,,,,,,,,,,,,,,
Fabert,Shannon,KY-04,Dem,House,no,,,,,,,,,,,,,,,,,,,,,
Owensby,Alexandra,KY-04,Dem,House,no,,,,,,,,,,,,,,,,,,,,,
Rogers,Hal,KY-05,Rep,House,yes,,,,,,,,,,,,,,,,,,,,,
Serrano,Gerardo,KY-05,Rep,House,no,,,,,,,,,,,,,,,,,,,,,
Best,Matthew Ryan,KY-05,Dem,House,no,,,,,,,,,,,,,,,,,,,,,
Hibbitts,William,KY-05,Ind,House,no,,,,,,,,,,,,,,,,,,,,,
Barr,Andy,KY-06,Rep,House,yes,Male,,,,,,,,,,,,,,,,,,,,
Eddy,Chuck,KY-06,Rep,House,no,,,,,,,,,,,,,,,,,,,,,
Young,Geoff,KY-06,Rep,House,no,,,,,,,,,,,,,,,,,,,,,
Hicks,Josh,KY-06,Dem,House,no,,,,,,,,,,,,,,,,,,,,,
Kemph,Daniel,KY-06,Dem,House,no,,,,,,,,,,,,,,,,,,,,,
Harris,Frank,KY-06,Lib,House,no,,,,,,,,,,,,,,,,,,,,,
Cassidy,Bill,LA-00,Rep,Senate,yes,Male,,,,,,,,,,,,,,,,,,,,
Pierce,Antoine,LA-00,Dem,Senate,no,,,,,,,,,,,,,,,,,,,,,
Fitch,Gregory,LA-00,Ind,Senate,no,,,,,,,,,,,,,,,,,,,,,
Myers-Montgomery,Jamar,LA-00,Ind,Senate,no,,,,,,,,,,,,,,,,,,,,,
Open,,LA-01,Dem,House,no,,,,,,,,,,,,,,,,,,,,,
Open,,LA-01,Rep,House,no,,,,,,,,,,,,,,,,,,,,,
Badger,John Robert,LA-01,Ind,House,no,,,,,,,,,,,,,,,,,,,,,
Open,,LA-02,Dem,House,no,,,,,,,,,,,,,,,,,,,,,
Open,,LA-02,Rep,House,no,,,,,,,,,,,,,,,,,,,,,
Anderson,Rob,LA-03,Dem,House,no,,,,,,,,,,,,,,,,,,,,,
Thomas,Verone,LA-03,Dem,House,no,,,,,,,,,,,,,,,,,,,,,
Open,,LA-03,Rep,House,no,,,,,,,,,,,,,,,,,,,,,
Johnson,Mike,LA-04,Rep,House,yes,,,,,,,,,,,,,,,,,,,,,
Open,,LA-04,Dem,House,no,,,,,,,,,,,,,,,,,,,,,
Christophe,Candy,LA-05,Dem,House,no,,,,,,,,,,,,,,,,,,,,,
Pierrottie,Brody,LA-05,Dem,House,no,,,,,,,,,,,,,,,,,,,,,
Harris,John,LA-05,Rep,House,no,,,,,,,,,,,,,,,,,,,,,
Harris,Lance,LA-05,Rep,House,no,,,,,,,,,,,,,,,,,,,,,
Letlow,Luke,LA-05,Rep,House,no,,,,,,,,,,,,,,,,,,,,,
Robinson,Randall Scott,LA-05,Rep,House,no,,,,,,,,,,,,,,,,,,,,,
Open,,LA-06,Dem,House,no,,,,,,,,,,,,,,,,,,,,,
Open,,LA-06,Rep,House,no,,,,,,,,,,,,,,,,,,,,,
Markey,Edward J.,MA-00,Dem,Senate,yes,Male,,,,,,,,,,,,,,,,,,,,
Blask,Washington,MA-00,Dem,Senate,no,,,,,,,,,,,,,,,,,,,,,
Kennedy,Joseph III,MA-00,Dem,Senate,no,,,,,,,,,,,,,,,,,,,,,
Ayyadurai,Shiva,MA-00,Rep ,Senate,no,,,,,,,,,,,,,,,,,,,,,
O'Connor,Kevin,MA-00,Rep,Senate,no,,,,,,,,,,,,,,,,,,,,,
Gray,Andre,MA-00,Green,Senate,no,,,,,,,,,,,,,,,,,,,,,
Mayock,Frederick,MA-00,Ind,Senate,no,,,,,,,,,,,,,,,,,,,,,
Neal,Richard,MA-01,Dem,House,yes,,,,,,,,,,,,,,,,,,,,,
Morse,Alex,MA-01,Dem,House,no,,,,,,,,,,,,,,,,,,,,,
Open,,MA-01,Rep,House,no,,,,,,,,,,,,,,,,,,,,,
Mayock,Frederick,MA-01,Ind,House,no,,,,,,,,,,,,,,,,,,,,,
McGovern,Jim,MA-02,Dem,House,yes,,,,,,,,,,,,,,,,,,,,,
Open,,MA-02,Rep,House,no,,,,,,,,,,,,,,,,,,,,,
Trahan,Lori,MA-03,Dem,House,yes,,,,,,,,,,,,,,,,,,,,,
Open,,MA-03,Rep,House,no,,,,,,,,,,,,,,,,,,,,,
Auchincloss,Jake,MA-04,Dem,House,no,,,,,,,,,,,,,,,,,,,,,
Cavell,Dave,MA-04,Dem,House,no,,,,,,,,,,,,,,,,,,,,,
Grossman,Becky,MA-04,Dem,House,no,,,,,,,,,,,,,,,,,,,,,
Khazei,Alan,MA-04,Dem,House,no,,,,,,,,,,,,,,,,,,,,,
Leckey,Ihssane,MA-04,Dem,House,no,,,,,,,,,,,,,,,,,,,,,
Matthew,Nick,MA-04,Dem,House,no,,,,,,,,,,,,,,,,,,,,,
Mermell,Jesse,MA-04,Dem,House,no,,,,,,,,,,,,,,,,,,,,,
Robinson,Herb,MA-04,Dem,House,no,,,,,,,,,,,,,,,,,,,,,
Shack,Thomas III,MA-04,Dem,House,no,,,,,,,,,,,,,,,,,,,,,
Shack,Tom,MA-04,Dem,House,no,,,,,,,,,,,,,,,,,,,,,
Sigel,Ben,MA-04,Dem,House,no,,,,,,,,,,,,,,,,,,,,,
Open,,MA-04,Rep,House,no,,,,,,,,,,,,,,,,,,,,,
Santino Depalma,Raffaele,MA-05,Dem,House,no,,,,,,,,,,,,,,,,,,,,,
Open,,MA-05,Rep,House,no,,,,,,,,,,,,,,,,,,,,,
Moulton,Seth,MA-06,Dem,House,yes,,,,,,,,,,,,,,,,,,,,,
McQuilken,Angus,MA-06,Dem,House,no,,,,,,,,,,,,,,,,,,,,,
Mulcahy,Nathaniel,MA-06,Dem,House,no,,,,,,,,,,,,,,,,,,,,,
Zahlaway Belsito,Jamie,MA-06,Dem,House,no,,,,,,,,,,,,,,,,,,,,,
Moran,John Paul,MA-06,Rep,House,no,,,,,,,,,,,,,,,,,,,,,
Mixon,Matthew,MA-06,Ind,House,no,,,,,,,,,,,,,,,,,,,,,
Pressley,Ayanna,MA-07,Dem,House,yes,,,,,,,,,,,,,,,,,,,,,
Open,,MA-07,Rep,House,no,,,,,,,,,,,,,,,,,,,,,
Goldstein,Robbie,MA-08,Dem,House,no,,,,,,,,,,,,,,,,,,,,,
Wu,Brianna,MA-08,Dem,House,no,,,,,,,,,,,,,,,,,,,,,
Open,,MA-08,Rep,House,no,,,,,,,,,,,,,,,,,,,,,
Open,,MA-09,Dem,House,no,,,,,,,,,,,,,,,,,,,,,
Open,,MA-09,Rep,House,no,,,,,,,,,,,,,,,,,,,,,
Harris,Andrew,MD-01,Rep ,House,yes,,,,,,,,,,,,,,,,,,,,,
Delgado,Jorge,MD-01,Rep,House,no,,,,,,,,,,,,,,,,,,,,,
Galbraith,Allison,MD-01,Dem,House,no,,,,,,,,,,,,,,,,,,,,,
Mason,Mia,MD-01,Dem,House,no,,,,,,,,,,,,,,,,,,,,,
Pingley,Jennifer,MD-01,Dem,House,no,,,,,,,,,,,,,,,,,,,,,
Ruppersberger,Dutch,MD-02,Dem,House,yes,,,,,,,,,,,,,,,,,,,,,
Feldman,Michael,MD-02,Dem,House,no,,,,,,,,,,,,,,,,,,,,,
Pretot,Jake,MD-02,Dem,House,no,,,,,,,,,,,,,,,,,,,,,
Collier,Scott M.,MD-02,Rep,House,no,,,,,,,,,,,,,,,,,,,,,
Fazenbaker,Tim,MD-02,Rep,House,no,,,,,,,,,,,,,,,,,,,,,
Impallaria,Rick,MD-02,Rep,House,no,,,,,,,,,,,,,,,,,,,,,
Morris,Genevieve,MD-02,Rep,House,no,,,,,,,,,,,,,,,,,,,,,
Salling,Johnny Ray,MD-02,Rep,House,no,,,,,,,,,,,,,,,,,,,,,
Simpson,Jim,MD-02,Rep,House,no,,,,,,,,,,,,,,,,,,,,,
Taylor,Blaine,MD-02,Rep,House,no,,,,,,,,,,,,,,,,,,,,,
Northcott,Jeff,MD-02,Unaff,House,no,,,,,,,,,,,,,,,,,,,,,
Sarbanes,John,MD-03,Dem,House,yes,,,,,,,,,,,,,,,,,,,,,
Ardito,Joseph,MD-03,Dem,House,no,,,,,,,,,,,,,,,,,,,,,
Rea,John,MD-03,Dem,House,no,,,,,,,,,,,,,,,,,,,,,
Anthony,Charles,MD-03,Rep,House,no,,,,,,,,,,,,,,,,,,,,,
Harris,Thomas,MD-03,Rep,House,no,,,,,,,,,,,,,,,,,,,,,
Hawkins,Reba,MD-03,Rep,House,no,,,,,,,,,,,,,,,,,,,,,
Joshua ,Morales,MD-03,Rep,House,no,,,,,,,,,,,,,,,,,,,,,
Seyfferth,Rob,MD-03,Rep,House,no,,,,,,,,,,,,,,,,,,,,,
Brown,Anthony G.,MD-04,Dem,House,yes,,,,,,,,,,,,,,,,,,,,,
Bryant,Sheila,MD-04,Dem,House,no,,,,,,,,,,,,,,,,,,,,,
Shelton,Kim,MD-04,Dem,House,no,,,,,,,,,,,,,,,,,,,,,
Eze,Nnabu,MD-04,Rep,House,no,,,,,,,,,,,,,,,,,,,,,
Loeb,Eric,MD-04,Rep,House,no,,,,,,,,,,,,,,,,,,,,,
McDermott,George,MD-04,Rep,House,no,,,,,,,,,,,,,,,,,,,,,
Hoyer,Steny,MD-05,Dem,House,yes,,,,,,,,,,,,,,,,,,,,,
Hoffman,Vanessa Marie,MD-05,Dem,House,no,,,,,,,,,,,,,,,,,,,,,
Urbina,Briana,MD-05,Dem,House,no,,,,,,,,,,,,,,,,,,,,,
Wilkes,Mckayla,MD-05,Dem,House,no,,,,,,,,,,,,,,,,,,,,,
Duval Cubero,Bryan,MD-05,Rep,House,no,,,,,,,,,,,,,,,,,,,,,
Devine,William III,MD-05,Rep,House,no,,,,,,,,,,,,,,,,,,,,,
Havis,Lee,MD-05,Rep,House,no,,,,,,,,,,,,,,,,,,,,,
Lee,Kenneth,MD-05,Rep,House,no,,,,,,,,,,,,,,,,,,,,,
Palombi,Chris,MD-05,Rep,House,no,,,,,,,,,,,,,,,,,,,,,
Sayers,Douglas,MD-05,Rep,House,no,,,,,,,,,,,,,,,,,,,,,
LLoyd,Rashad Dwayne,MD-05,Unaff,House,no,,,,,,,,,,,,,,,,,,,,,
Trone,David,MD-06,Dem,House,yes,,,,,,,,,,,,,,,,,,,,,
Bero,Maxwell,MD-06,Dem,House,no,,,,,,,,,,,,,,,,,,,,,
Caldwell,Kevin,MD-06,Rep,House,no,,,,,,,,,,,,,,,,,,,,,
Meyyur,Chris,MD-06,Rep,House,no,,,,,,,,,,,,,,,,,,,,,
Parrott,Neil,MD-06,Rep,House,no,,,,,,,,,,,,,,,,,,,,,
Baker,T. Dan,MD-07,Dem,House,no,,,,,,,,,,,,,,,,,,,,,
Brown,Alicia,MD-07,Dem,House,no,,,,,,,,,,,,,,,,,,,,,
Carter,Jill,MD-07,Dem,House,no,,,,,,,,,,,,,,,,,,,,,
Chullin,Matko Lee III,MD-07,Dem,House,no,,,,,,,,,,,,,,,,,,,,,
Davidson,Jermyn Michael,MD-07,Dem,House,no,,,,,,,,,,,,,,,,,,,,,
Gonzales,Darryl,MD-07,Dem,House,no,,,,,,,,,,,,,,,,,,,,,
Gosnell,Mark,MD-07,Dem,House,no,,,,,,,,,,,,,,,,,,,,,
Hiegel,Dan,MD-07,Dem,House,no,,,,,,,,,,,,,,,,,,,,,
Howard, Michael Jr.,MD-07,Dem,House,no,,,,,,,,,,,,,,,,,,,,,
Jalisi,Jay,MD-07,Dem,House,no,,,,,,,,,,,,,,,,,,,,,
Mfume,Kweisi,MD-07,Dem,House,no,,,,,,,,,,,,,,,,,,,,,
Petrus,Adrian,MD-07,Dem,House,no,,,,,,,,,,,,,,,,,,,,,
Rabb,Saafir,MD-07,Dem,House,no,,,,,,,,,,,,,,,,,,,,,
Rockeymoore Cummings,Maya,MD-07,Dem,House,no,,,,,,,,,,,,,,,,,,,,,
Schuman,Gary,MD-07,Dem,House,no,,,,,,,,,,,,,,,,,,,,,
Smith,Charles,MD-07,Dem,House,no,,,,,,,,,,,,,,,,,,,,,
Spikes,Harry,MD-07,Dem,House,no,,,,,,,,,,,,,,,,,,,,,
Stokes,Charles,MD-07,Dem,House,no,,,,,,,,,,,,,,,,,,,,,
Woodard,Jeffrey,MD-07,Dem,House,no,,,,,,,,,,,,,,,,,,,,,
Bly,Ray,MD-07,Rep,House,no,,,,,,,,,,,,,,,,,,,,,
Brown,Brian,MD-07,Rep,House,no,,,,,,,,,,,,,,,,,,,,,
Klacik,Kim,MD-07,Rep,House,no,,,,,,,,,,,,,,,,,,,,,
Madwolf,M.J.,MD-07,Rep,House,no,,,,,,,,,,,,,,,,,,,,,
Matory,Elizabeth,MD-07,Rep,House,no,,,,,,,,,,,,,,,,,,,,,
Newton,William,MD-07,Rep,House,no,,,,,,,,,,,,,,,,,,,,,
Raskin,Jamie,MD-08,Dem,House,yes,,,,,,,,,,,,,,,,,,,,,
Morgan,Marcia,MD-08,Dem,House,no,,,,,,,,,,,,,,,,,,,,,
Paul,Utam,MD-08,Dem,House,no,,,,,,,,,,,,,,,,,,,,,
Young,Lih,MD-08,Dem,House,no,,,,,,,,,,,,,,,,,,,,,
Coll,Gregory,MD-08,Rep,House,no,,,,,,,,,,,,,,,,,,,,,
Cooper,Bridgette,MD-08,Rep,House,no,,,,,,,,,,,,,,,,,,,,,
Gladden,Nicholas,MD-08,Rep,House,no,,,,,,,,,,,,,,,,,,,,,
Rogers,Patricia,MD-08,Rep,House,no,,,,,,,,,,,,,,,,,,,,,
Skolnick,Shelly,MD-08,Rep,House,no,,,,,,,,,,,,,,,,,,,,,
Yadeta,Michael,MD-08,Rep,House,no,,,,,,,,,,,,,,,,,,,,,
Collins,Susan,ME-00,Rep,Senate,yes,Female,,,,,,,,,,,,,,,,,,,,
Gideon,Sara,ME-00,Dem,Senate,no,,,,,,,,,,,,,,,,,,,,,
Kidman,Bre,ME-00,Dem,Senate,no,,,,,,,,,,,,,,,,,,,,,
LaJeunesse,Ross,ME-00,Dem,Senate,no,,,,,,,,,,,,,,,,,,,,,
Sweet,Betsy,ME-00,Dem,Senate,no,,,,,,,,,,,,,,,,,,,,,
Savage,Lisa,ME-00,Maine Green Independent,Senate,no,,,,,,,,,,,,,,,,,,,,,
Bond ,Tiffany,ME-00,Ind ,Senate,no,,,,,,,,,,,,,,,,,,,,,
VanHelsing,Danielle,ME-00,Ind,Senate,no,,,,,,,,,,,,,,,,,,,,,
Wooten,Linda,ME-00,Ind,Senate,no,,,,,,,,,,,,,,,,,,,,,
Pingree,Chellie,ME-01,Dem,House,yes,,,,,,,,,,,,,,,,,,,,,
Allen,Jay,ME-01,Rep,House,no,,,,,,,,,,,,,,,,,,,,,
Golden,Jared,ME-02,Dem,House,yes,Male,,,,,,,,,,,,,,,,,,,,
Bennett,Adrienne,ME-02,Rep,House,no,,,,,,,,,,,,,,,,,,,,,
Brakey,Eric,ME-02,Rep,House,no,,,,,,,,,,,,,,,,,,,,,
Crafts,Dale,ME-02,Rep,House,no,,,,,,,,,,,,,,,,,,,,,
Peters,Gary,MI-00,Dem,Senate,yes,Male,,,,,,,,,,,,,,,,,,,,
Carr,Bob,MI-00,Rep,Senate,no,,,,,,,,,,,,,,,,,,,,,
James,John,MI-00,Rep,Senate,no,,,,,,,,,,,,,,,,,,,,,
Willis,Valerie,MI-00,None,Senate,no,,,,,,,,,,,,,,,,,,,,,
Jones,Gregory Charles,MI-00,Other,Senate,no,,,,,,,,,,,,,,,,,,,,,
Ferguson,Dana Alan,MI-01,Dem ,House,no,,,,,,,,,,,,,,,,,,,,,
O'Dell,Linda,MI-01,Dem,House,no,,,,,,,,,,,,,,,,,,,,,
Ruzziconi,Ryan,MI-01,Dem,House,no,,,,,,,,,,,,,,,,,,,,,
Open,,MI-01,Rep,House,no,,,,,,,,,,,,,,,,,,,,,
Huizenga,Bill,MI-02,Rep,House,yes,,,,,,,,,,,,,,,,,,,,,
Berghoef,Bryan,MI-02,Dem,House,no,,,,,,,,,,,,,,,,,,,,,
Creviere,Jean-Michel,MI-02,Green,House,no,,,,,,,,,,,,,,,,,,,,,
Amash,Justin,MI-03,Ind,House,yes,Male,,,,,,,,,,,,,,,,,,,,
Brunzell,Amanda Le'Anne,MI-03,Dem ,House,no,,,,,,,,,,,,,,,,,,,,,
Scholten,Hillary,MI-03,Dem,House,no,,,,,,,,,,,,,,,,,,,,,
Afendoulis,Lynn,MI-03,Rep,House,no,,,,,,,,,,,,,,,,,,,,,
Farrington,Joe,MI-03,Rep,House,no,,,,,,,,,,,,,,,,,,,,,
Jackson Willis,Andrew,MI-03,Rep,House,no,,,,,,,,,,,,,,,,,,,,,
Meijer,Peter,MI-03,Rep,House,no,,,,,,,,,,,,,,,,,,,,,
Norton,Tom,MI-03,Rep,House,no,,,,,,,,,,,,,,,,,,,,,
Rafi,Emily,MI-03,Rep,House,no,,,,,,,,,,,,,,,,,,,,,
Moolenaar,John,MI-04,Rep,House,yes,,,,,,,,,,,,,,,,,,,,,
Feig,Anthony,MI-04,Dem,House,no,,,,,,,,,,,,,,,,,,,,,
Hilliard,Jerry,MI-04,Dem,House,no,,,,,,,,,,,,,,,,,,,,,
Kildee,Dan,MI-05,Dem,House,yes,,,,,,,,,,,,,,,,,,,,,
Clauss,Matthew,MI-05,Dem,House,no,,,,,,,,,,,,,,,,,,,,,
Fitchett-Hickson,Christina,MI-05,Rep,House,no,,,,,,,,,,,,,,,,,,,,,
Kelly,Tim,MI-05,Rep,House,no,,,,,,,,,,,,,,,,,,,,,
Lackie,Earl,MI-05,Rep,House,no,,,,,,,,,,,,,,,,,,,,,
Upton,Fred,MI-06,Rep,House,yes,Male,,,,,,,,,,,,,,,,,,,,
Oelke,Elena,MI-06,Rep,House,no,,,,,,,,,,,,,,,,,,,,,
Gray,Aida,MI-06,Dem,House,no,,,,,,,,,,,,,,,,,,,,,
Hoadley,Jon,MI-06,Dem,House,no,,,,,,,,,,,,,,,,,,,,,
Pastor-Diaz,Angelica,MI-06,Dem,House,no,,,,,,,,,,,,,,,,,,,,,
Richardson,Jen,MI-06,Dem,House,no,,,,,,,,,,,,,,,,,,,,,
Tidwell,Andrew,MI-06,Ind,House,no,,,,,,,,,,,,,,,,,,,,,
Branscum,Samuel,MI-07,Dem,House,no,,,,,,,,,,,,,,,,,,,,,
Driskell,Gretchen,MI-07,Dem,House,no,,,,,,,,,,,,,,,,,,,,,
Hall,Ryan William,MI-07,Dem,House,no,,,,,,,,,,,,,,,,,,,,,
Larson,Samuel,MI-07,Dem,House,no,,,,,,,,,,,,,,,,,,,,,
Gidner,Bruce,MI-07,Rep,House,no,,,,,,,,,,,,,,,,,,,,,
Slotkin,Elissa,MI-08,Dem,House,yes,Female,,,,,,,,,,,,,,,,,,,,
Detmer,Mike,MI-08,Rep,House,no,,,,,,,,,,,,,,,,,,,,,
Hoover,Alan,MI-08,Rep,House,no,,,,,,,,,,,,,,,,,,,,,
Junge,Paul,MI-08,Rep,House,no,,,,,,,,,,,,,,,,,,,,,
Lyke,Kristina,MI-08,Rep,House,no,,,,,,,,,,,,,,,,,,,,,
Snyder,Nikki,MI-08,Rep,House,no,,,,,,,,,,,,,,,,,,,,,
Open,,MI-09,Dem,House,no,,,,,,,,,,,,,,,,,,,,,
Open,,MI-09,Rep,House,no,,,,,,,,,,,,,,,,,,,,,
Bizon,Kimberly,MI-10,Dem,House,no,,,,,,,,,,,,,,,,,,,,,
Noland,Kelly,MI-10,Dem,House,no,,,,,,,,,,,,,,,,,,,,,
Wellington,Don,MI-10,Dem,House,no,,,,,,,,,,,,,,,,,,,,,
Hernandez,Shane,MI-10,Rep,House,no,,,,,,,,,,,,,,,,,,,,,
Jowske,Jeffrey,MI-10,Rep,House,no,,,,,,,,,,,,,,,,,,,,,
McClain,Lisa,MI-10,Rep,House,no,,,,,,,,,,,,,,,,,,,,,
Mikula,Brandon,MI-10,Rep,House,no,,,,,,,,,,,,,,,,,,,,,
Piwko,Richard,MI-10,Rep,House,no,,,,,,,,,,,,,,,,,,,,,
Singh,Bisham,MI-10,Rep,House,no,,,,,,,,,,,,,,,,,,,,,
Slocum,Doug,MI-10,Rep,House,no,,,,,,,,,,,,,,,,,,,,,
Acosta,Frank,MI-11,Rep,House,no,,,,,,,,,,,,,,,,,,,,,
Batu,David,MI-11,Rep,House,no,,,,,,,,,,,,,,,,,,,,,
Bentivolio,Kerry,MI-11,Rep,House,no,,,,,,,,,,,,,,,,,,,,,
Greco,Carmelita,MI-11,Rep,House,no,,,,,,,,,,,,,,,,,,,,,
Esshaki,Eric,MI-11,Rep,House,no,,,,,,,,,,,,,,,,,,,,,
Keller,Scott Thomas,MI-11,Rep,House,no,,,,,,,,,,,,,,,,,,,,,
Williams,Whitney,MI-11,Rep,House,no,,,,,,,,,,,,,,,,,,,,,
Open,,MI-11,Dem,House,no,,,,,,,,,,,,,,,,,,,,,
Carbonaro,Anthony,MI-12,Dem,House,no,,,,,,,,,,,,,,,,,,,,,
Rajput,Solomon,MI-12,Dem,House,no,,,,,,,,,,,,,,,,,,,,,
Open,,MI-12,Rep,House,no,,,,,,,,,,,,,,,,,,,,,
Tlaib,Rashida,MI-13,Dem,House,yes,,,,,,,,,,,,,,,,,,,,,
Patterson,Stephen Michael,MI-13,Dem,House,no,,,,,,,,,,,,,,,,,,,,,
Dudenhoefer,David,MI-13,Rep,House,no,,,,,,,,,,,,,,,,,,,,,
Lemmo,Alfred,MI-13,Rep,House,no,,,,,,,,,,,,,,,,,,,,,
Sawyer,Linda,MI-13,Rep,House,no,,,,,,,,,,,,,,,,,,,,,
Lawrence,Brenda,MI-14,Dem,House,yes,,,,,,,,,,,,,,,,,,,,,
Morrison,Terrance,MI-14,Dem,House,no,,,,,,,,,,,,,,,,,,,,,
Grossbard,Gavriel,MI-14,Rep,House,no,,,,,,,,,,,,,,,,,,,,,
Houston,Daryle,MI-14,Rep,House,no,,,,,,,,,,,,,,,,,,,,,
Patrick,Robert Vance,MI-14,Rep,House,no,,,,,,,,,,,,,,,,,,,,,
Smith,Tina,MN-00,Dem,Senate,yes,Female,,,,,,,,,,,,,,,,,,,,
Hagedorn,,MN-01,Rep,House,no,Male,,,,,,,,,,,,,,,,,,,,
Craig,,MN-02,Dem,House,no,Female,,,,,,,,,,,,,,,,,,,,
Phillips,,MN-03,Dem,House,no,Male,,,,,,,,,,,,,,,,,,,,
Peterson,,MN-07,Dem,House,yes,Male,,,,,,,,,,,,,,,,,,,,
Stauber,Pete,MN-08,Rep,House,yes,Male,,,,,,,,,,,,,,,,,,,,
Wagner,,MO-02,Rep,House,yes,Female,,,,,,,,,,,,,,,,,,,,
Hyde-Smith,Cindy,MS-00,Rep,Senate,yes,Female,,,,,,,,,,,,,,,,,,,,
Daines,Steve,MT-00,Rep,Senate,yes,Male,,,,,,,,,,,,,,,,,,,,
Open,,MT-AL,Rep,House,,,,,,,,,,,,,,,,,,,,,,
Tillis,Thom,NC-00,Rep,Senate,yes,Male,,,,,,,,,,,,,,,,,,,,
Open,,NC-02,Rep,House,,,,,,,,,,,,,,,,,,,,,,
Open,,NC-06,Rep,House,,,,,,,,,,,,,,,,,,,,,,
Bishop,Dan,NC-09,Rep,House,no,Male,,,,,,,,,,,,,,,,,,,,
Sasse,Ben,NE-00,Rep,Senate,yes,Male,,,,,,,,,,,,,,,,,,,,
Bacon,Don,NE-02,Rep,House,yes,Male,,,,,,,,,,,,,,,,,,,,
Shaheen,Jeanne,NH-00,Dem,Senate,yes,Female,,,,,,,,,,,,,,,,,,,,
Pappas,,NH-01,Dem,House,no,Male,,,,,,,,,,,,,,,,,,,,
Booker,Cory,NJ-00,Dem,Senate,yes,Male,,,,,,,,,,,,,,,,,,,,
Van Drew,Jeff,NJ-02,Rep,House,yes,Male,,,,,,,,,,,,,,,,,,,,
Kim,Andy,NJ-03,Dem,House,yes,Male,,,,,,,,,,,,,,,,,,,,
Gottheimer,Josh,NJ-05,Dem,House,yes,Male,,,,,,,,,,,,,,,,,,,,
Malinowski,,NJ-07,Dem,House,no,Male,,,,,,,,,,,,,,,,,,,,
Sherrill,Mikie,NJ-11,Dem,House,yes,Female,,,,,,,,,,,,,,,,,,,,
Open,,NM-00,Dem,Senate,,,,,,,,,,,,,,,,,,,,,,
Torres Small,Xochitl,NM-02,Dem,House,no,Female,,,,,,,,,,,,,,,,,,,,
Lee,Susie,NV-03,Dem,House,yes,Female,,,,,,,,,,,,,,,,,,,,
Horsford,Steven,NV-04,Dem,House,no,Male,,,,,,,,,,,,,,,,,,,,
Zeldin,Lee,NY-01,Rep,House,yes,Male,,,,,,,,,,,,,,,,,,,,
Open,,NY-02,Rep,House,,,,,,,,,,,,,,,,,,,,,,
Rose,,NY-11,Dem,House,no,Male,,,,,,,,,,,,,,,,,,,,
Maloney,Carolyn,NY-18,Dem,House,yes,Male,,,,,,,,,,,,,,,,,,,,
Delgado,,NY-19,Dem,House,no,Male,,,,,,,,,,,,,,,,,,,,
Brindisi,Anthony,NY-22,Dem,House,no,Male,,,,,,,,,,,,,,,,,,,,
Katko,John,NY-24,Rep,House,yes,Male,,,,,,,,,,,,,,,,,,,,
Chabot,Steve,OH-01,Rep,House,yes,Male,,,,,,,,,,,,,,,,,,,,
Inhofe,Jim,OK-00,Rep,Senate,yes,Male,,,,,,,,,,,,,,,,,,,,
Horn,,OK-05,Dem,House,no,Female,,,,,,,,,,,,,,,,,,,,
Merkley,Jeff,OR-00,Dem,Senate,yes,Male,,,,,,,,,,,,,,,,,,,,
DeFazio,Peter,OR-04,Dem,House,yes,Male,,,,,,,,,,,,,,,,,,,,
Fitzpatrick,,PA-01,Rep,House,yes,Male,,,,,,,,,,,,,,,,,,,,
Wild,,PA-07,Dem,House,no,Female,,,,,,,,,,,,,,,,,,,,
Cartwright,Matt,PA-08,Dem,House,yes,Male,,,,,,,,,,,,,,,,,,,,
Perry,,PA-10,Rep,House,yes,Male,,,,,,,,,,,,,,,,,,,,
Lamb,Connor,PA-17,Dem,House,yes,Male,,,,,,,,,,,,,,,,,,,,
Reed,Jack,RI-00,Dem,Senate,yes,Male,,,,,,,,,,,,,,,,,,,,
Graham,Lindsey,SC-00,Rep,Senate,yes,Male,,,,,,,,,,,,,,,,,,,,
Cunningham,Joe,SC-01,Dem,House,no,Male,,,,,,,,,,,,,,,,,,,,
Rounds,Mike,SD-00,Rep,Senate,yes,Male,,,,,,,,,,,,,,,,,,,,
Open,,TN-00,Rep,Senate,,,,,,,,,,,,,,,,,,,,,,
Cornyn,John,TX-00,Rep,Senate,yes,Male,,,,,,,,,,,,,,,,,,,,
Crenshaw,Dan,TX-02,Rep,House,no,Male,,,,,,,,,,,,,,,,,,,,
Fletcher,Lizzie Pannill,TX-07,Dem,House,yes,Female,,,,,,,,,,,,,,,,,,,,
McCaul,Michael,TX-10,Rep,House,yes,Male,,,,,,,,,,,,,,,,,,,,
Roy,,TX-21,Rep,House,no,Male,,,,,,,,,,,,,,,,,,,,
Open,,TX-22,Rep,House,,,,,,,,,,,,,,,,,,,,,,
Open,,TX-23,Rep,House,no,,,,,,,,,,,,,,,,,,,,,
Open,,TX-24,Rep,House,,,,,,,,,,,,,,,,,,,,,,
Carter,John,TX-31,Rep,House,yes,Male,,,,,,,,,,,,,,,,,,,,
Allred,,TX-32,Dem,House,no,Male,,,,,,,,,,,,,,,,,,,,
McAdams,,UT-04,Dem,House,no,Male,,,,,,,,,,,,,,,,,,,,
Warner,Mark,VA-00,Dem,Senate,yes,Male,,,,,,,,,,,,,,,,,,,,
Luria,Elaine,VA-02,Dem,House,yes,Female,,,,,,,,,,,,,,,,,,,,
Riggleman,,VA-05,Rep,House,no,Male,,,,,,,,,,,,,,,,,,,,
Spanberger,Abigail,VA-07,Dem,House,yes,Female,,,,,,,,,,,,,,,,,,,,
Wexton,Jennifer,VA-10,Dem,House,yes,Female,,,,,,,,,,,,,,,,,,,,
Herrera Beutler,Jaime,WA-03,Rep,House,yes,Female,,,,,,,,,,,,,,,,,,,,
Schrier,,WA-08,Dem,House,no,Female,,,,,,,,,,,,,,,,,,,,
Kind,Ron,WI-03,Dem,House,yes,Male,,,,,,,,,,,,,,,,,,,,
Moore Capito,Shelley,WV-00,Rep,Senate,yes,Female,,,,,,,,,,,,,,,,,,,,
Open,,WY-00,Rep,Senate,,,,,,,,,,,,,,,,,,,,,,
